,text,label
0,孩子学校有阳的，是前期家里网课保护的太好，漏网之鱼。现在开学了，跑不掉了。,2
1,人民群众压力也很大。,2
2,看来张珊珊还没落网啊,2
3,相信用不了多长时间，我们就可以挺过最艰难的时段！挺住，加油！,0
4,咱就是说，学校就是个垃圾学校，领导就是个垃圾领导，老师去做核酸检测，阳了就是为了偷懒请假，真的寒心这句话；管你啥症状，就是得上完课，完全不顾老师学生死活的老师提意见就是没领导回复。,2
5,上个月才和我二奶奶打电话，说年后带我的宝宝去看她。都约好了的，没想到就是永别了。12月中旬打的电话，12月27号她就去世了。一直都是看热搜不断有老人去世，没想到一下子就发生在自己身边了。也不知道我奶奶有没有得新冠。大过年的对老人好点吧！,1
6,专家学者用科学结论为国家提供决策参考，俗话说，他山之石可以攻玉。对于疫情防控方面的这种批评，我们一些专家还是需要认真反思的。国家给了你们待遇和位置，你们是应该静下心来认真做实实在在的研究工作，而不是到处抛头露面和大放厥词。因为那些专家的研究成果会影响政府决策措施和老百姓抗疫的态度方法。,1
7,不会有人跟我一样，低烧没药吃，只能熬到38.5以上吃了布洛芬才能睡，但这样持续了三个晚上，已经绷不住了，第四个晚上诊所在呼唤我“没关系，我会出手…”药效上来了，晚安家人们,1
8,这不是掩耳盗铃吗,2
9,一切回归正常吧！魔幻的十一月终将结束！,1
10,我没打过疫苗，现在都还没阳过，所以还是很少去人多的地方，出门戴口罩，回家喷酒精。,1
11,快快好起来吧。,0
12,那些高风险有感染者的地方还是被封着呢，所以有些担心的人不必过于担心。,1
13,当初要求重新封控的那批网友，现在再也不出来说话了。,1
14,大病求助沈阳的夜景还是很美！心情放松的逛了一圈！爷爷奶奶很平稳！他们的老年基础病没有对他们有很大的影响，虽然暂停了一些药！感谢冯医生，感谢护士小姐姐！更要感谢卖药的大哥！虽然辉瑞药是国外的，你不是神药！但却真的帮爷爷奶奶减轻了痛苦，希望没有其它的后遗症！在这里对你们说感谢,0
15,正常？去医院复诊都要48小时！去医院之前先排队1个钟再等8个钟先可以去医院！这叫正常？非常不方便咯！,2
16,说真的，群众的压力也不小。朋友老家在河南的一个小县城，今年疫情断断续续，基本没上几天班，到手的工资屈指可数。但是，车贷房贷是要还的，加上生活开销，这都不是一个小问题。而且，疫情持续时间长，工作难找，工资和待遇也开始下降，对很多普通百姓来说，疫情期间维持最基本的生活就很不错了。,1
17,抗疫抗感染小套餐：从外面回到家，用氢负离子饮用水溶盐水，喷鼻子簌口润嗓子，保持口腔鼻腔咽部长期碱性。喝柠檬水也不错！健康。,1
18,多久没有那种纯粹内心的触动了，当妈妈从昏迷到慢慢意识复苏，到今天我离开医院挥手跟我拜拜，不敢相信这只才过去了短短半个月，作为19届的学生，在这次疫情之中我们失去了太多了太多，只希望最后的结局能配的上这一路的颠沛流离。,2
19,图片是核酸检测羊性病例数（确诊病例+无症状感染者）上海和全国的对比，时间都是56天，上海的数据是3月1日至4月25日；全国的数据是10月1日至11月25日。以上信息数据来自国家卫生健康委员会官方网站和上海发布。本人非防疫专业人士，仅为个人预估。,1
20,核酸检测，新冠疫苗，从某种意义上来讲，都是奇奇怪怪垄断资本与一小撮权力部门及具体人，相互掩耳盗铃罢了。试问，全世界大多数国家都能躺平，为什么惟独咱们社会一直处于机械古板式清零，难道这种措施，很科学、很客观、很人性、很实锤吗？还是很别有一番风味，那就是选择牺牲大多数，博利极少数，不是吗？现在，有人又在某些场合，公开高调把新冠病毒感染，归究于上年纪的老年人，声称连七十八十岁多老人都要注射新冠疫苗。呵呵，这难道不是又一个伪命题吗？别出心裁、挖空心思，难道不是资本逐利人惯用伎俩吗？贼者，总是冠以各种借口，以偏概全达到不可告人的目的。当下，凡是以主观偏面的形式出现新款新题，都逃避不了客观辩证的无限质疑，况且，在依法治国的社会里，绝大多数人不仅仅是显微镜，适时也会立马成为放大镜。,2
21,在这问一下，有人知道广东省内去广州坐火车去别的城市，也要三天三检吗,1
22,有人因为疫情封控被逼无奈跳楼，而有人粉墨登场抒情卖惨。,2
23,别说了!我这两天心情好到爆!,0
24,大家都说别那么快去堂食，倒不是因为怕，因为这两天的菜可能不新鲜。,2
25,其他地方一起回归正常吧！不然明年回学校我怕变成阳性了，就回不了家了！全国各地一起回归正常起来好嘛？之前想润国外，现在我想润广州。,0
26,阳的第二天发烧到39度40度，疼到想哭难受能感觉到我的心跳非常的快，嗖嗖嗖有点挺不下去了，希望广大网友们回复一下去社区打退热针怎么样？,1
27,我是真怕了，之前被感冒洗脑，以为几天症状走一遍就好了，阳的时候也没啥思想包袱。没想到阳后甚至一个月过去了，现在心跳得明显比之前快，容易累，喘不上气。,2
28,绿码上班，核酸自愿，交通通畅，堂食开放，十二月的第一天，烟火气又回来了。,0
29,保定很严重吗？我的快递都卡保定中转了,1
30,资本家想捞钱了,2
31,广州是正常了，从广州到另一个城市却还要按疫区进行管控，三天三检，傻傻分不清谁对还是谁对。,1
32,快快好起来吧。,0
33,疫情期间，失眠的问题困扰着很多人。感染新冠病毒后，同时患有睡眠障碍，可以吃失眠药吗？,1
34,这种热搜不撤，兰州小孩的热搜就撤，被网暴致死的老师的热搜就撤，微博审核你出生的时候亲妈被原子弹炸没了吗？怎么会有这样的价值观?,2
35,我已经推迟七天了上次是姨妈最后一天遭的新冠正常的吗？什么时候才会再来啊,1
36,大无语，能不能消停会儿，给老百姓留条活路吧。,2
37,很多小伙伴们反馈说自己阳康之后还是咳嗽不停，一到晚上还会更加严重，简直太痛苦啦！那到底咳嗽是什么原因导致的呢？,1
38,发布会开成煽情故事会和表功大会。真有你的！你只不过失去了生活下去的希望，我呢，可是错过了女儿十八岁生日！,2
39,风向一变，一夜之间，各地争先恐后宣布不做核酸了。很多事情其实心里都明白，就是不想当出头鸟。有担当的还是太少了。,2
40,只想知道以后大学生还封不封校？,1
41,我们没有等来清零后的解封，等来的是无奈的放开。以后，再也不会有人给我们层层筛风险了，没有人查验健康码、行程码、核酸。也意味着从今天起，我们身上的“三层防护衣”正式被国家收回了。只有把送给你的福利收回去，你才知道你曾经拥有什么，因为什么拥有，你才知道什么叫失去，才能慢慢体会失去后的难过。我们三年没有感染新冠，不是因为幸运，也不是因为免疫力强，是因为这三年来每一个接近你的人，国家都帮你筛查过了，都是健康的，低风险的，只要有风险的，国家都把他和你隔开了，国家尽力了!这次“解封”后，新冠被列入二类传染病范围，感染后自费，接着被封的机会可能不会太多，但是感染的机率可能更大了。,2
42,百姓的生活心理压力也大。,2
43,我觉得，最正确处理新冠的顺序应该是这样！开始发烧，抗原阳性后立马去医院吊针，再吃点医生开的西药。退烧之后，食补+中医。三餐饮食规律，休息规律，多吃水果，不剧烈运动，不熬夜。中医就是对症下药，咳嗽，失眠各种中医都是有的。,1
44,让人说话，天塌不下来,2
45,杀牛，倒奶，也不给个人吃喝，我记得这是小时候课本里揭露资本主义的血腥本性，对人民冷漠无情本质时记忆深刻的一段。那时候我非常想不通，为什么牛奶倒阴沟里也不发给穷人喝，老师说资本家就是这么坏。,2
46,其实它欠我一个科学合理的解释，生机回来了，这让人真心高兴！,0
47,上海跟上好吗？别搞48小时核酸了！,2
48,前两天看到有网友说新冠的时候高烧后原来一见风就头痛的问题好了,1
49,风向明显变了，疫情防控没有意义，不值当；群众太不容易了，民生之多艰。总之，放开就对了。这股风有点猛。,1
50,年底了，一点都不开心，还在咳还在咳，喉咙痒痒的，不由自主的想要咳，好难受啊啊！难受死了啊！吃了6天的头孢加左痒，挂了三天的头孢，又吃了两盒化痰的药和一瓶止咳药，简直了，皮肤都发黄了还在咳！烦死了！,2
51,一个实事求是的城市，一个胸怀开放的城市，一个有人情味的城市，如果孩子大了，让她去广州工作，等我们退休了，打算去广州养老！,1
52,别再心怀幻想了，咱们的疫苗够14亿人打几轮的，全球之最，无可匹敌！绝对不接受外来嗟来之食。崇洋媚外的，各自预约去国外打疫苗吧，司马南们赢了！,0
53,郑州公布的本轮疫情源头结果，触动了谁的神经？,1
54,当你的孩子感染的时候，你想的是什么呢？当初不如不去上学？不如戴好口罩？还是得就得吧？,1
55,有感觉了，没有疫情时期的样子了，一切正常。,1
56,又开始了哦，虽然还没中特奖，但中了一等奖，甲流。,1
57,房产泡沫崩了以后得换个泡沫，于是核酸检测泡沫应运而生罢了。地方财政背不住只好转嫁给居民了，问题是居民就能扛住吗？,2
58,哪怕生生不见，我也祝你世世平安,0
59,好多人阳过之后，又好了伤疤忘了疼。要是没有三年防疫，病毒会减轻吗？,1
60,无所谓了，保持愉悦心情良好生活的状态，说不定还能活久一点。,0
61,从全员核酸到非必要不核酸，从有家不能回到有家不敢回。还有经常性的全员在岗、取消休假。疫情三年，最后还是医护人员扛下了所有。希望疫情早日散去，早日回归正常生活。,0
62,密切关注，看看半个月至一个月后的情况如何。,1
63,“以前是你防别人，现在攻守易位。”日本、印度、韩国、意大利……对来自中国的游客采取相应的入境防疫措施。,1
64,前几天下乡采访对象正处感染中，同车两位同事阳康一位还咳得厉害，多面夹击真是很难挺到决赛圈…病毒对我还算友好，鼻塞流涕咳嗽轻痰，以为只是着凉上火重感冒，感觉嗓子配音很吃力，才买的感冒药。进不了决赛圈，表示很遗憾。,2
65,"为什么近期媒体、医界阴风阵阵？阴风一:长新冠。我们都知道，脑膜炎炎症退了就治愈了，致于变痴那是后遗症。新冠也一样，炎症退了，检测不到病毒了，就治愈了，其他的就是后遗症。后遗症重、普遍，封控就必要而合理，这损了资本的利益，于是就创造一个新名词叫“长新冠""",1
66,耳朵疼痛持续三天，今天来看医生，发现是鼓室积液。鼓膜穿刺，给我疼得呲牙咧嘴，连着脑瓜子都疼，疼得走不了路。医生还说阳了之后好多人都有这个毛病，要是耳朵疼、有点听不见，家人们一定要注意去看医生。,2
67,家在天河，就个人日常生活而言，即使前段时间的静默，只是开车出小区受限，但人还是可以自由进出的。国庆节那段时间，还出去过几次逛街吃饭，后来疫情起来也就没有了。现在还没有打算外出活动，静观几天，看看疫情变化情况再说。没有了方便的核酸检测点，现在要自费去医院排长龙。,1
68,看看我家的库存——包括精氨酸布洛芬、布洛芬缓释胶囊、乐松,1
69,只是回到几个月前的正常生活而已。那个时候没有社会面核酸也没有躺平，民众期待的可能也是这个样子吧。依旧愿意接受防疫政策，但希望是合理的有界限的。,1
70,去年12月15日抗原测试阳性，12月23日转阴，到今天还是偶尔，近一个月了还是不清爽，体重降了2公斤。,1
71,120院前急救车组的工作量早已超过平时的几倍。急救电话一旦响起，电话那头是对生命的托付，电话这头是急救车的一刻不停歇。接到任务立即出发，以最快速度到达患者身边，以最快最准确的方式完成抢救、转运，为后面的救治争取时间，这是院前急救车组人员日复一日不断重复的工作。,1
72,熬了半个月，新冠总算好了，HIV感染者好像更艰难。大家好，我从感染新冠到今天接近康复，煎熬了半个月左右。看了很多网友的评论和一些资料，发现HIV感染者在新冠面前好像更艰难。,1
73,有研究显示，大部分感染新冠以后的症状，在一年以后都能消失，一年。打过疫苗的比没打疫苗的，症状要轻。,1
74,我只知道有起码两家医院暂时停诊了罢了。咱也不知道是不是非三甲就可以停。,1
75,还有多少生病的？,1
76,没事，怕死就自己在家呆好永远别出门了毕竟外出风险可不止阳性哦！,2
77,看着现在的症状都把大家折腾得这么难受，真的不敢想象三年前的武汉。经历过才知道国泰民安才是心之所向。,1
78,说实话限流？,2
79,对待疫情的态度，能看出历史疫情防控的经验。这次西方国家为什么很早就已常态，我们为什么现在才常态？最大限度保护人民生命安全没有问题，但很明显是需要以发展为代价的，是鱼和熊掌的关系。,1
80,我们是必胜的，最强大的，最幸福的！,0
81,要囤什么药啊？有没有备药清单指引？拜托这对我很重要,1
82,看看这两天的几个热搜。一、小县城抗疫情压力有多大。二、多地通知11月起常态化核酸检测变化。三、多地通知乘火车飞机不再查核酸。四、多地通知11月起核酸检测收费。五、多家核酸检测企业应收账款超净利润。咋感觉像是起风啦？,1
83,昨下午消息公布，晚上外面已经塞车了，今早一早恢复车水马龙的感觉，出入各大政府机关，写字楼，商超，饮食店，公共交通，小区全部绿码通行。今天回办公室大家有一种春节后上班的感觉，喜气洋洋的！中午和晚上很多人都选择约上朋友或同事外出庆祝一下!,0
84,最近确实戾气较重，看到全网都在骂刘红英平衡了很多。,2
85,第二波的感染高峰期其实是早早就可以预判到的，但最可怕的未知项是多地不同的毒株在这次如约而至的交叉，是否会引伸出新的毒株，这才是最可怕，最未知的。出现新毒株，23年的上半年要持续处于高度紧张状态。没有出现新毒株，23年的3月份基本会逐渐转危为安。持续保持警惕吧。,1
86,说到疫情，我发现每个人的反应差距太大了，人和人的悲欢并不相通。所以，我们一定要好好地活下来，而且至少要保持能够在阳光下漫步的体力。好在，有了第一次疫情冲击的经验，下一次全社会可能都会准备得更好一些。祈祷如此。,0
87,放假前第一波全阳，最近开学了，都在复阳了，感觉一直就没好过。,2
88,这两个城市，是放开后最先爆出“失控”的地方。博主之前也曾关注过，也曾发过声。公布的数量依然是个位数，与网上数量反差巨大。,2
89,这届孕妇真的太难了，小婴儿可怜，我算幸运的。感染了新冠，发烧倒没什么，那个打喷嚏和咳嗽伤口真是疼的要命。,2
90,后遗症，嗅觉变得不灵敏了，容易烦躁。,1
91,看来很久都没法去广州了。出来就要被区别对待。,2
92,又反复了捏，喝布洛芬喝不下去。,1
93,我问我老公他咋样，他说这些新冠后遗症都一样，他说拖个地就难受的不行了。大年初一开始他又流鼻涕，他问我是不是二次感染了，我说才一个来月上次还没好呐。,1
94,我真的只能说新冠真的会对生理心理造成很大的伤害，我以为我在阳了期间没有失眠我就以为我度过去了，但是没想到它的后遗症这么严重，因为发烧烧了四天，太多的脑细胞被战斗无了，导致了后期的失眠，从而导致了神经紊乱。记忆断片，甚至对生活失去了希望，觉得活着没有很大的意义，在那一刻我以为我是抑郁的。,2
95,希望不再反复，不管新增病例多少，都维持正常，不要像前段时间石家庄那样。这需要大家对病毒的认识有一个转变，大家如果都把奥密克戎当成一个普通感冒，那么这个疫情马上就能真正结束了。如果有很多人阳性之后哭天抢地要去医院住ICU，不给他住就写小作文，那就比较麻烦。,1
96,所以我两次失业，所有计划被打乱，就被你们一句“疫情很严重”和“疫情结束了”轻描淡写地带过了。,2
97,小县城的财力本来就很吃紧。疫情来了，经济下滑厉害，企业的经营雪上加霜。疫情期间，入不敷出，核酸对个人是免费的，可是都是财政买单。三年了，这三年的用来核酸检测的支出，应该不是个小数目。有时候也会想，这三年中，那些跟疫情相关的支出，给了谁？谁是受益者？,2
98,忽然想起一句话，冬天来了，春天还会远吗？,0
99,求助贴，大家新冠之后都多少天来大姨妈啊，我已经推迟八天了，害怕中奖，毕竟中间吃了eve这种含布洛芬的药物，十月还拍了ct还吃了好多别的药物。我们俩还没想备孕。,2
100,所以大城市更应该坚持执行“动态清零”策略，严格防控，不要把疫情传播到小县城。,1
101,整场看下来除了公布了疫情源头，其他基本没一点干货。,2
102,正常是指不戴口罩，不要核酸，不需扫码。这才是正常吧！,1
103,侧面印证：大同疫情仍处于上升阶段，恐怕确有个别“自行车”现象。怀仁压力很大，要做到心中有数，望大家积极配合。,1
104,看懂啥意思没？还迷了？,1
105,没在医院死的你们知道有多少？我晓得的这段时间死的老人我们周围起码有100以上了。,2
106,成败否，30天，广州闯关！医用N95.出门必备，勤洗手，多消毒！新冠药没必要备，???症状了，千万莫在家里抗，赶紧去医院，莫拖，莫拖成普通型，或重症莫怕方仓，现在???条件，轻症也可居家治疗了，虽然方案还在讨论中，但快了，超大量的轻症，居家是避免挤兑的唯一办法。,1
107,周一有症状，现在周五了。天天核酸，天天阴，我真的如果不是抗原我到现在还以为是感冒！所以大家阳了在家，我阳了低烧两天还在加班。我的跨年和元旦快乐假期也没了。,2
108,有个同事，平时也能说上话，他的专业能力不错，性格属于耿直类型。在我阳的那几天，他在电话里说，他让阳的同事，都要上班，只要起得来都要上班。从那天起，我决定默默把这个同事列入个人黑名单。,1
109,根据统计，疲劳是最常见的症状，出现比率高达70%；其次是注意力难以集中(48%)呼吸急促(46%)和肌肉疼痛(45%)。,1
110,逐渐恢复活力，鼓足干劲把钱包弄富足，毕竟离过年不远了！,0
111,最喜欢看两拨人互咬了。总之就是没钱的，有经济压力的，各种贷的，盼着解封；没经济压力的，有点存款的，或者本地人，觉得安全更重要。反正都是站在自己的立场呗。但是大部分中小底层市民跟着欢呼我是真想笑。解封了你不做核酸了让你自生自灭了，你的工资就能涨一分？,2
112,近期，新冠造成大面积的医疗资源挤兑，如果你拥有中高端医疗险，可以用它来争取医疗资源，也许会多个保命的机会。,1
113,目前都还在观望期，很多人即使阳了也是在自我居家康复中。生理上的难受，和去方舱的难受相比，很多人选择在家。等元旦过后再看吧！,1
114,那叫准备不足？简直是毫无准备，药没药，床位没床位，那惨状永远不会忘记！,2
115,疫情三年从支援发热门诊、闭环管理到看大门，拦陪护再到支援核酸采集再后来……自己阳，全家阳。2022年最后一天，说声再见吧。希望2023年一切顺利，家人身体安康。,0
116,小县城大，城市也大，都有压力，主要是看不到头，无边无际。,2
117,这才放开多久，现在的数据不具备参考价值，最少一周之后在看，希望还能是这样,1
118,这几天，头条上老专家教授去世的新闻越来越多，真的不想再说什么。就是搞不懂为什么我们的政策会突然转向？在全国人民还没做好准备的情况下突然放开？网上的质疑越来越多了。,2
119,可是没阳过小孕妇还在瑟瑟发抖,2
120,等各地正式开始自费核酸后，这些个小县城的压力就换人了。不过不管怎么换，不管是群众自己掏钱还是财政掏钱，核酸检测机构还是赚得嘛好在钱搞来搞去始终在那，在人润出去之前，大家还是可以自我安慰一下的，画饼充饥比麻沸散要好用的多。,2
121,疫情当下，能够一家人齐齐整整，坐在一起吃顿饭都变得奢侈，但是，我相信总会过去的，中国人，流着的是敢与天斗的基因，期待春暖花开时。,0
122,唯有患难见真情。在目前这个抗原比金子贵的时代，患难见真情的人真的不多了。,1
123,广州解封后的第一天，人流量暴增，小街道里挤满了出来放松的民众。话说这还是多注意点好，毕竟疫情还没结束，还没吹响胜利的号角，希望大家还是做好个人防护，避免聚集和去人流量大的地方，对自已，对家人负责。,1
124,草草看了一圈下来，都是在攻击做核酸的问题。现在不都是有疫情就免费做核酸，低风险地区按需求做自费核酸，这有什么好冲突的。,1
125,掩耳盗铃，还天天宣传挺自豪的样子哈，确诊人数多不多你们自己没点B数？核酸点都不给核酸了，鬼知道有多少阳性哦。,2
126,今天很多人问我，广州怎么样了？很好，和上周四一样，公交车很挤，车很多，该加班还得加班。生活在这座城市的人，封控也好，解封也好，过的都是寻常的日子…,0
127,六个字背后隐含了多少生命与凄酸？,2
128,关于张文宏，突然有一个不祥之兆：张文宏说现在是新冠疫情最后一个冬天，23年夏天就会走出疫情。张文宏说新冠就是感冒，当然就应该知道新冠疫情近期不会结束，流感疫情100多年了，不是也没结束么？难道他连这点都不知道？不会吧！除非对张文宏来说，等于新冠疫情已经结束了…倒吸一口冷气，会是这样？,2
129,现在这样也挺好的，至少给一部分人自由的选择，而不是一刀切。你害怕，家里有老人孩子，可以不出来；你家里有余粮，也可以继续居家。但有一大部分人，在他们的认知里，穷比感冒更恐怖，早就出来刨食了。当群体都免疫的时候，或者说身边几乎都是羊了，基本也就无所恐惧了。,0
130,疫情防控，严防死守！！,1
131,从这三年防控看，社会普遍科学素养低，决策者们也不高。怎讲？核酸检测，从捅嗓子眼采集，到试剂、仪器、实验室操作，人员道德等等，都是有误差的。假设整个流程下来，总体的累积误差率是万分之一（相当低了），那么，1万个样本就会有1个错误：要么该阳性的被确定为阴性，要么该阴性被确定为阳性。10万个样本就有10个。这说明啥？说明只要是常态化核酸检测，就永远不可能做到清零！阴性被误确认为阳性还好，会有复核；如果阳性被误确认为阴性，就会在社会隐蔽传播。,2
132,压力是肯定有的，但这一切都不是借口，一定要保障好老百姓的衣、食、住、行加就医，别把很多压力直接就转给百姓身上。,2
133,戏剧性的一学期，一切来得那么突然。提前再提前，文件再文件，真是计划赶不上变化。匆匆结束功课，匆匆放假，匆匆告别校园，一切是那么匆匆，一切是那么急促。是谁导演了这么一出结尾堪称不完美、草草收场的闹剧？这一幕实是滑稽可笑但又无可奈何，一切的按部就班变得毫无头绪，说不清理还乱。,2
134,在封控和放开里选一个，你还会选哪一个呢？是封控在家每天核酸，还是放开感染，老人去世？,1
135,这是这么长时间以来我最喜欢的一个热搜词条了！,0
136,不要制造焦虑，更不要制造恐慌！放下恐惧，抬起头正视病毒。,0
137,防新冠必备好物至今没阳是怎么过的？只是没轮到我早晚的事依旧紧张的防护着这几样东西必备！,1
138,广州那么勤奋的一座城市，关在家里没有收入，真的是生不如死，人也真的会疯掉！,2
139,支持防疫爱好者继续居家。,1
140,纠结这个干嘛？人有生老病死，社会要继续发展，年轻人要活下去，所有政策不可能照顾到每个人。,1
141,给老人备好了吗？给家人的健康带来保障了吗？还一天天的该吃吃该喝喝该玩玩，还不赶紧的行动起来。,1
142,我在日本，祝愿祖国同胞，身体健康，家庭幸福，新年快乐。,0
143,可能是大量无症状感染者不需要进医院治疗吧，另外广州本来就有大量病例，已经被隔离了，社会面感染比较少吧。,1
144,大家共同的努力，特别是快递物流功劳很大，快递遇到的困难很多，都克服了。,0
145,是上次疫情结束了吧，我特别想知道，最近身边包括自己都在不断地发烧，流鼻涕打喷嚏。比上次还难过的是什么？,2
146,政策开放后，抵御新冠病毒靠自己了。,1
147,昨天全国9500多人感染，死亡5人；而美国昨日新增32.7万，死了快2200人，不知道那些封控爱好者嚎个啥劲？对比一下这些数据，还对政府的工作不满？这些质疑防疫工作，鸡蛋里挑骨头的人，到处抱怨，制造社会对立情绪，莫不是行走的50万？,2
148,中国终于跟国外在同一防控水准了，不到两个月的时间太真实了。这对于年前的我来说，简直不敢想，要知道年前我连吃饭不怕跟同事感染接触，全程戴着口罩，甚至连吃饭喝水都要去到宽阔的草地上野餐，现在我也准备彻底放弃抵抗了。不要太恐慌了，等下一波感染潮新闻出来的时候，再抵抗也不迟，现在能做的就是加油搬砖加油。,0
149,民众宁愿相信吃药，也不相信自己的免疫力，可笑，我只能说，这罪，受得活该！,2
150,大家在春节期间要注意，少接触老人和孩子，确保疫情未全部结束之前，他们的安全。,1
151,从前是农村包围城市获得胜利，一旦农村沦陷看你们吃什么喝什么，农村可是以老年人小孩居多。,2
152,爷爷住不到院，去医院排号还必须患者自己再过道等着（不管排几天），社区医院拍片子肺部白化面积不小，我在北京满是担心，爷爷85了，经不起大医院排号折腾，只能在社区医院输液和吃中药，起到的作用微乎其微，希望官方机构给些解决办法吧。,1
153,好难受啊头好疼啊虽然是第一天症状比较轻，还以为中午舒服点就行了一到晚上就发热，脚却还是冷的,2
154,大家有没有感觉病毒突然就没有了病毒突然就没了。现在医院急诊和发热门诊几乎都找不到病毒感染的了！,1
155,时代不会记录与关心落在小人物头上那一粒灰，但点开实时，就是一部小地方小老百姓自己给自己记录的“时代的灰落在头上就是一座山”,1
156,希望一直保持。,0
157,真离谱了，因为疫情接近10月才来学校，然后又是疫情12月就放寒假了？这学期总共就2个多月。,2
158,祝大家能早日康复，也真心的希望各位用不到这份总结。最后祝大家圣诞节快乐，万事顺遂。,1
159,你怎么不问问老百姓压力有多大？我们这鬼地方一例没有，你说封就封，一封就1个月，物流全停了，物价涨到飞起？店铺都不让营业，学生停课，家长歇业，天天躺家里啥也不能干，一家子7口，做一次核酸28，我还得感谢你们辛苦了吗？,2
160,先头部队不是烈士就是英雄。,1
161,今年疫情为何没完没了，就因为这些社会垃圾在从中作梗。这些杂种社会渣渣。,2
162,很有意思，允许网上黑恶势力谩骂污辱造谣，甚至诅咒别人的女儿，却不让别人说话，这难道是网上应有的“正义”吗，这是打着“正义”的幌子做邪恶的事！这比唐山打人者更恶更毒！,2
163,肯定是被烟花爆竹炸消失了,1
164,真烦，早就觉得做核酸都是走个过场，给那些资本家完成任务，才不管我们有没有，反而他们觉得有更好，害死我们了！真的快抓狂了，真的是仅存希望相信党，都到最后只能呵呵了，我们真的很绝望，不只是害怕新冠，是更害怕人！,2
165,口罩还得天天焊在脸上也配叫“回归日常”吗？三年前的世界是怎样的没人记得了吗？,2
166,造谣违法的，扰乱社会。,1
167,可能这玩意是希望地球所有人都得一次吧………所以他们说这次那个病毒针对的都是没阳过的,2
168,新冠疫情期间大家一定要注意自我防范,1
169,确实扛不住。,2
170,疫情的反复冲击，让餐饮行业感受到了寒冬的萧瑟，但是，还是有很多店家在辛苦地挣扎、奋斗、希望从茫茫困境中冲破云霄，坚持下去，在寒冬过后，春天终将会来临。,0
171,一个时代结束了，加油！,0
172,止步四强新冠感染不会放弃任何人，包括我但是幸运的是，我就阳了两天，低烧一天一夜头贴着朋友给的清凉贴。,1
173,家人们我阳康后喉咙反反复复地吞咽疼，当然我觉得是因为自己膨化食品吃得有点多导致扁桃体发炎了。但是我这次一拍才首次发现我的扁桃体一边比另一边大得多得多！请问这种情况是正常的嘛？我百度看说可能是肿瘤...,1
174,不会有人跟我一样，低烧没药吃，只能熬到38.5度以上吃了布洛芬才能睡。但这样持续了三个晚上，已经绷不住了，第四个晚上，诊所在呼唤我“没关系，我会出手”，药效上来了，晚安家人们。,1
175,"最近一个月,在新闻上看到很多老年的名人和名人的父亲相继离开。回到农村的也看到不断有为过世的老人办丧礼，这波究竟死了多少人?",1
176,防疫情、宅家里，杀菌消毒需警惕。疫情防控期间，居家生活消防安全提示请收好！,1
177,北京怎么人人戴口罩啊？我瑟瑟发抖。,2
178,现在放开都已经够搞笑了，还因为一个破感冒一样的病在这不让人出门，天天做核酸。众所周知，人得了新冠不一定死，但是人没钱一定会死。,2
179,然而上海越来越严格，昨晚把一个出口封了，只留一个，进出扫码，部分小区要求进出单人单管。,2
180,有没有人能告诉我，新冠后照CT肺部有白点，是否具有传染性？后怕~我们老板今天下班后在办公室说他的肺部有白点，他天天在办公室咳得要死要死的，然后他天天不戴口罩，天天来办公室，前两天也还开年会，一大群人一起吃饭。不知道完犊子了没？瑟瑟发抖。,2
181,该死的大开放让毫无防备且有小宝宝的我终日惶恐不安我们早晚都得阳但是为了弱小的宝宝咱们必须晚点阳。,2
182,刚阳康，不要掉以轻心，还是要戴口罩勤消毒。,1
183,看看辽宁丹东吧，啥比地方，大家今年吃不上草莓了。,2
184,广州摆烂了，我也想摆烂冬眠。,2
185,北京很多小区居民的自发维权让他们知道一件事，就是社区居委会没有执法权，那个盖章的封控要求是违法的。我在想难道他们不知道这是违法的吗？这样的违法为何要通过老百姓维权才能曝光，今后的封控谁来盖章？有没有部门敢和愿意站出来行驶执法权，值得我们期待。,1
186,再头铁也遭不住了，还是保定版的病毒。,1
187,封着天天核酸被说防疫过度，现在放开又说外溢传播病毒，这词条里那么多骂广州的你们真难伺候！,1
188,不制造恐慌某些人咋发财,2
189,最近防疫相关的话题让我感到沉重、失望、悲哀，现在的防疫政策保护了什么？付出的代价又是什么？为什么不允许普通群众了解更多的真相，不允许网络上有其他方向的思考和讨论？所有的通告、指令都是由上而下，必须执行，不允许半点质疑。不一样的声音被迅速的删帖消音，他们是怎么代表最广大人民群众的？是用网络封控吗？,2
190,阳了的第五天，不再发烧了，但还是鼻塞，咳嗽，嗓子疼，渐渐好转了！,1
191,我只想，最好还是别感染吧！希望身边的人都健健康康的，该吃吃该睡睡。,0
192,两个月前的我未知的恐惧和各种不知所措三年前，比现在阳了更难！我抗过来，我们都抗过来，我真棒，我们真棒。,0
193,退烧，一直咳嗽嗓子痛味觉不灵敏，今天12月6日全部症状消失恢复正常。,1
194,今天又觉得嗓子发炎痒痒，吃了三瓣生大蒜，喝百香果柠檬水，又顶回去了。感觉大蒜也管用啊。,1
195,朋友圈前一天都在庆祝放开，后一天都在抱怨测不到核酸，便民核酸点减少，走老远才能去做核酸，而且还是长队。多个24付费的核酸点排队排到半夜，或是根本排不上号。,2
196,正常堂食了，挺好！,0
197,羊了快40天了，还是浑身疲劳无力，没有精神，脑壳疼，人们说的脑雾还在；总出虚汗；腰椎持续疼痛；一吃东西就拉肚子。特别是心脏，一直难受，疼的厉害，动不动就乱突突，心率100多下是常态，一天天就在家躺着不敢动；一动就气短，走两步就累的不行。还稍微有些咳嗽吐白泡泡痰；持续没有一滴记忆力，大脑一片空白。,2
198,疫情放开了，身边都是小阳人，放开之后街上的行人反倒是口罩戴的越来越好了，这么好的天气，晒晒太阳，借紫外线杀杀菌。,1
199,第一反应是好羡慕，可我们的生活不是本该如此吗？全员核酸和封控快点滚出我的世界。,0
200,疫情中的经济现象总结：1初期N95口罩一度涨价到20块一个。2核酸检查最高时单管130多元一次，甚至更高，后来降到13-15元单管；3医用呼吸机，自然不用说了，初期很紧俏；4物资：短期隔离区，高风险区的封控，造成局部的蔬菜及副食品价格上涨；甚至出现定点商场超市供应，形成局部垄断，有超市狠发了一笔财。小超市只能关门，后期才盘活。5隔离区内的采购：含住宿、配送、餐饮外卖、专车接送、检查核酸人员的需求，形成某些商机，有钱赚。6核酸检测公司：数据造假，故意制造阳性，以增加核酸检测数量；不全部检测，造成数据不全面；说不好自己派人员散播病毒，制造疫情，违法乱纪（有点狠了）7由于疫情许多企业亏损，资产缩水，甚至破产倒闭。被收购。8造成失业率上升，无工作无收入，业绩不好职工薪水无法增长，家庭资产缩水。9餐饮业、旅游业因封控造成接待量严重下降，行业亏损严重。,1
201,我笑死，我们这里一有风吹草动，村里那个喇叭从早喊到晚，不知道别的地方村子里怎么管理，我们这里就是喇叭大声喊，人该跑还是跑。,2
202,现在都很会做啊，都不报但是都封着，一起摆烂。,2
203,今年暑假带孩子去了广州，我们全家对广州的印象都很好，包容大气。改革开放大亚湾走在前端，这次依然敢为人先，广州，好样的！,0
204,说实话广州作为开放试验点要优于石家庄的，大家先别骂，我先摆事实。1.广州医疗全国前三2.广州人见识广，胆子大，而且做事务实讲究逻辑，不上升到意识争吵3.这次主要试验的是，高传染性后医疗资源，重症率的情况。只能说广州是勇敢的！,0
205,我觉得不可能就一波吧，虽然我希望以后都没事了。,0
206,呜呜呜呜，早上是被同学的电话叫醒的。有同学因为脑血栓去世了。我觉得是因为新冠。大家要注意身体啊！,2
207,这两天是过渡期，核酸还是免费，我都去做了。30号下午就开车出去买菜，进去还得扫码，昨天去就不需要扫了。去大学食堂吃饭，大学生们陆续提着行李出校，但食堂还是满满的，应该走的不是很多。孩子们课外班今天复课，下周一应该能返校。,1
208,新冠阳后失眠很严重，自己每天喝一碗黄酒隔水蒸两三片阿胶糕、核桃加枸杞治好了失眠，现在睡的很好，顺便发现阳后很严重的“脑雾”也缓解很多。转阴后一运动就胸闷憋气，睡不好，10克左右的炙甘草喝了几天后，有用，但没好彻底。又喝10克炙甘草+10克姜半夏，厨房里配了点红枣、山药干、枸杞，喝了几天，基本痊愈。,1
209,四季度最义愤填膺的几件事情：一、疫苗迟迟不覆盖幼儿。二、疫苗第三针迟迟不覆盖青少年。三、疫苗第四针迟迟不覆盖成年人！特别是医务工作者！是负担不起吗？没说你一定要批辉瑞的，你就打国内的重组也行啊！有吗？下面的人乱作为！专家假作为！上面的不作为！,2
210,无所谓，滴二三四波疫情会教你做人。,1
211,我们家冬天躲过第一轮全都没阳，这周孩子班级里几天内三十多个孩子发烧，这不是新冠是啥？我家娃今天烧了一天两晚了，早上抗原还是阳性，新冠并没有消失。,1
212,恭喜广州，全国唯一一个正常的城市！,0
213,放什么屁呢,2
214,这话题能在热门飘这么久，本身就是一种信号，县城和大城市不同之处太多了，比如财政更弱，光核酸收费还是免费的事，就够吵一阵的；县城里打工人抵抗风险的能力也更弱，县城可没大城市的什么金融互联网科技公司，还能玩远程办公，工资照样发。,1
215,新冠真的毒，哪怕已经被稀释了40倍的依然不可小觑。孕妇真的太难了，千防万防还是中招了。幸运的是没发烧，硬抗一周后今天总算有味觉了，虽然还是两条杠，但看到了胜利的曙光。备上了爱吃的甜食，晒晒太阳，抓紧享受一下周末。因为明天又要开始搬砖了。,1
216,虽然上班不快乐，但是聚餐见到朋友们就很快乐。整整25天，人都居家居颓废了。,0
217,谢谢大城市压力更大房租日常开销放哪不大微博这些标题是越来越随便了,2
218,我是第二次感染了，太难受了。,2
219,静音了，实在是不想停，老百姓想问啥，你们应该一清二楚，但就是一句不说。,2
220,能不能干点实事？还演呢。,2
221,新冠暂时沉寂，新骗局又借势出现了，大家看一看，心里有底好预防,2
222,不希望再阳了，一次就很难受，泪目。,2
223,张珊珊为祖国核酸事业鞠躬尽瘁，令人感动。请尽快现身，让人民群众来感谢她祖宗十八代。,2
224,广州是我在这个国家最爱的城市。以前是，现在是，以后也会是。,0
225,人口密集的地方带好口罩，注意消毒。其他时间正常上班上课，该吃吃该喝喝该玩玩，不快乐吗？天天核酸天天隔离不出外走走身体机能跟不上更容易得阳性。穷都不怕就不要怕其他了！,1
226,生活在这个社会最艰难的两点就在于，第一，很多宪法赋予的最基本的权利，需要靠申请或吵闹甚至斗争才能获得；第二，旁边有无数傻b在诅咒你为什么要去争取正当权利。与傻逼共存，比与病毒共存难多了，内耗太大了!经常怀疑自己是否在正常的人世间。,2
227,有些人是不是忘了，今年常态化核酸出来之前也是自费去医院做的核酸，也没有随处可见的核酸点，除了偶尔有情况会做大规模，出行也是只看绿码测体温。现在只是回到了常态化核酸之前的生活，高风险地区依旧在管控，没有放任不管。,1
228,医院要求的24h核酸怎么说？我知道我周五生病？然后再提前一周抢周四验核酸的号？,2
229,党和政府成功打赢了疫情保卫战！,0
230,疫情闹得满世界人心惶惶，可我对新冠无所谓，倒是封控让我至今胆颤心惊！自从放开以后，我天天在外面逛超市、公园…原本自由自在的生活，却在某一天突然把你家的门封控了，门口坐着个看不清脸、人不像人鬼不像鬼的东西，这比坐牢又好到哪去？即使是坐牢也还有放风的时候，可你要是被封控了，就别谈自由了。,2
231,山东继续开展核酸检测，真的是敏感度和前瞻性极强的表现！同样也是为人民百姓负责任的表现，安全就是管出来了，放任和无为而治就是不作为！因为马上面临春节，人口的超级大流动一定是必然的，来自全国各地的山东籍打工人返乡，可能带回来的是七七八八的病毒，引发什么样的隐患，谁也预测不到，而河南郑州的疫情大爆发就是因为国庆假期人员的大流动造成。,0
232,广州回到日常生活中了，大部分区不需要核酸检测报告，凭借绿码就可出行，憋了这么久的广州人们可乐坏了，旅游搜索量创了新高，街道恢复了往日的活力，烟火气味回来了！,0
233,防疫爱好者（核酸公司水军）开始跳脚了，建议不接受放开可以自我居家，利人利己,2
234,菩萨保佑，愿你及家人都平安健康，厄运消除，疫情退去，远离一切灾害和疾病困扰，幸福快乐。,0
235,总有别有用心的人,2
236,疫情已经消失，恢复正常生活了,0
237,北京各大住院部！更新！由于平台原因，需要私信可发需要的自己看看，表格有点长发不完，整理了很长时间。可挂号，可挂名医，可安排床位！困难都要为生命让路！绿色通道！,1
238,关于张文宏，突然有一个不祥之兆：张文宏说现在是新冠疫情最后一个冬天，23年夏天就会走出疫情。张文宏说新冠就是感冒，当然就应该知道新冠疫情近期不会结束，流感疫情100多年了，不是也没结束么？难道他连这点都不知道？不会吧！除非对张文宏来说，等于新冠疫情已经结束了。倒吸一口冷气，会是这样？,2
239,不管怎样，感谢国家对我和家人保护了三年。身为中国人感到特别安全。,0
240,微博上人才济济，刚看到篇文章，求科普！如果真是这样就太好了！,1
241,我们现在的专家，下的结论数据都是美国来的，真的可笑，就没有一点自己的实践研究，这3年的防疫专家都在忙啥呢？,2
242,说实话全员核酸是今年才经常开展，以前也不用啊。所以取消核酸点也没必要恐慌吧，广州没爆发这轮疫情之前也只是看绿码不用每天核酸这里的回归日常更像是回到2021，并不是2019之前。我记得2021年学校还可以自由出入。到了2022年3月就有了非必要不离校，但是今天学校终于恢复自由出入了。,1
243,四季度最气愤填膺的几件事情:1.疫苗迟迟不覆盖幼儿2.疫苗第三针迟迟不覆盖青少年3.疫苗第四针迟迟不覆盖成年人！特别是医务工作者！是负担不起吗？没说你一定要批辉瑞的，你就打国内的重组也行啊！有吗？下面的人乱作为！专家假作为！上面的不作为！,2
244,还是有必要核酸检测吧。只是管控不需要那么严了，精准管控就好。阳了就在家待几天。一下子摆烂我感觉不太行,2
245,我身边很少有人带口罩了，去街上也是没什么人戴。,1
246,流感是一阵一阵的，新冠也有可能。,1
247,又来了，阳了就阳了，阳了自己会好，宣传这些有意思么？制造恐慌，老子上次的焦虑症到现在还没有好，又来制造焦虑了。,2
248,"今天沿着珠江暴走了5公里，像个游客一样疯狂拍照，虽然冷但是很开心。又从天德走过花城汇，走到六运，所有的小店全都恢复营业。在等了很久的店里吃了饭，还是很好味，吃进口差点流眼泪。进出商场和地铁只用睇绿码，不用核酸。我好爱这一刻的广州。""",0
249,自费不会有多少人去检的（除非工作生活需要），你要说天天检给点啥可能还有人去。,1
250,阳了以后出现了呼吸困难，气短，嗓子有痰。终于受不住去了一趟医院，坐等结果。,1
251,我高估了，一场疫情也没能提高大家的用药意识，什么西药副作用大，发烧40度也不吃的人可真倔！西药副作用大要医生做什么？不断研发药物的意义是什么？难道你的肝肾在正确用药下都没能把药代谢掉吗？真的太讨厌那种不懂药又在装懂还大肆宣传的说教。,2
252,小县城的高中生基本一直没有开学，这几年的中高考学生太惨了，天天网课，社交也减少了，学不下去的真的就没啥补救机会了。然后出来做啥呢？找工作也很难。,2
253,发什么疯发什么疯，什么时候让大学生回家，我不想在郑州过年啊。,2
254,回学校之后阳了，得难受了，苦涩。,2
255,疫情最开始的时候我们国家手足无措却依旧控制的很好，为什么现在应对措施逐步完善了我们国家反而控制不住了呢？所以不是新冠治不好，是有人利用它发财了对吗，人血馒头真的好吃吗？,2
256,我也追上其他海外博主的步伐，必须不能从新冠的魔爪逃脱。话说这个最新变种可真挺难受的，大家一定要小心。,2
257,你是美国的？英国的？日本的？还是印度的？,1
258,愿新年新气象，安好便是晴天！,0
259,长期的封控管控已经对人民的生活和工作、经济的发展造成很大影响，民众的情绪已经差不多到达顶峰，如果再继续封控管控，只会进一步激化内部矛盾。从广州康乐村事件、到重庆拒绝核酸，反应的都是人民积攒已久的不满情绪。国家是在逐步放开，不再全民免费核酸，让人民回归正常生活。,1
260,掩耳盗铃罢了，你以为结束了？,2
261,顺德你牛，人家广州不查核酸撤核酸点，你顺德去哪都查也学人家撤核酸点，强制去自费核酸点，你牛你牛，玩不起就别玩啊！,2
262,这个压力是对人？对特定的某群人？如果对人压力最大的就是普通老百姓，当下工资不涨反降各种裁员，封控期间无收入来源（不含体制内）但是基本生活保障成本翻翻，越来越多的人没有工作，钱也花完了，疫情对于没钱的人还算压力吗。,2
263,自从全民核酸结束，病毒也就不见了。,1
264,防疫结束了不代表疫情结束了。,1
265,上级不给拨款吗？,1
266,国内各城市陆陆续续放松，开放会成为一种必然趋势。前一阵有些朋友跟我讲担心自己和家人会被传染成小阳人，哪怕知道病毒的威力已经小了很多，但还是不太放心，毕竟家里上有老下有小的。朋友说的这些医学上的事，本人作为外行不插嘴，但我还是可以从命理上简单说说哪类人可能容易得肺部类的疾病。,1
267,回应一下今天的热搜？你们的一些市民还在骂我们不知感恩呢？,2
268,全汕头买不到美林，在淘宝买的退烧冲剂也不发货。专家说备着药在家，预防预防我只能说靠抵抗力在预防新冠了。,2
269,12月18号阳的，到现在已经20多天，别的没有症状了，就是一躺下就会有一侧鼻子鼻塞，坐起来马上就好了有没有相同症状的啊，不会是落下鼻炎的后遗症了吧。,1
270,一个建议。爱好者如果真的害怕的话，建议爱好者们搬去方舱。大家都没意见的吧？,1
271,万邦很倔强，万邦表示这锅我不想背。,1
272,新冠后遗症我在阳后二周开始下腹部及胯骨关节肌肉疼，扶他林和布洛芬不见效。疼了一周多不见好转昨天去人民医院骨科见医生。医生一见就笑了，又一位，近来都是类似情况，医生也没有特效药，开了布洛芬缓释胶囊和关节止疼膏，服用一周以上，医嘱减少活动量，注意保暖。骨科医生也是在摸索中，漫漫康复路……,1
273,保定恢复了，给了清零派一记响亮的耳光！悲观和惊恐不安的人，慢慢打消了顾虑，预计中的大崩溃，并没有出现。医疗资源很紧张，但因为并没出现挤兑，依然井然有序。这些天，清零派对疫情前景非常悲观，传出很多质疑的声音，还有一些不良的臆想，甚至有人呼吁，重新封控，恢复全员核酸检测。,1
274,刚刚得到消息，同学老婆走了，病因不详。前几天，一位同学的母亲去世。这两天看网上的消息，心情真的很不舒服。附近的人都羊了，我这银人天天也是忐忑不安，尽量少去人多的地方吧。,2
275,这本该属于我们的盛世与自由，怎么现在却成了庆幸？,2
276,广州陆续恢复堂食，往日的热闹和烟火气回来了！,0
277,不是一直都有吗，自欺欺人吗？,2
278,每次谣言都没有让我失望。,2
279,群众的压力也很大，基本都是手停口停，家境殷实的或许不在乎，但是平凡家庭是真的熬不住。,1
280,广州回归，好日子重新开始，从2019年12月1号的武汉开始，到2022年12月1号广州结束，熬了3年，从遥远的核酸检测到每天的核酸检测，大家能记得自己做过多少次核酸检测了吗？,0
281,后遗症折磨我，身体大不如前，难受。,2
282,没一个冬天不可逾越，没一个春天不会来临。老妈新冠住院，听着医生口中的脑炎，白肺，各种基础病，真瑟瑟发抖.祝愿正在住院的老妈能够平安渡过这个寒冷的冬天！感谢朋友千里迢迢给我们送来急用药品，一方有难，八方支援也看到很多网友也在求药，一定不能病急乱投医，听从专业人员的意见，有备无患总比临时抱佛脚好！绿洲,0
283,放开吧，国家说的就照做吗。能怎么办还能怎么办，不过都是会讲话的哑巴罢了。要不是疫情估计爷爷也不会病情这么加重，也不会还剩短短几个月的寿命。可那又能怎么样呢，还是在放开。不知道第二波毒株又会带走多少苦命人。,2
284,今天经过我院大门，感觉有啥不一样的地方。再回来经过的时候，恍然大悟！门口的帐篷拆了！一个时代结束了！痕迹在逐渐的消退。抗疫，似乎是很遥远的事情了。,0
285,还是自己得带口罩。,1
286,大胆地猜测一下：如果不是央视或其他媒体跟进报道，采访，这两天新冠肺炎感染者的人数肯定没有这么多。,2
287,想的有点美！,2
288,郑州新闻发布会后的第一天，车辆限号，下楼去小区核酸亭子做了核酸。,1
289,回老家过年，村里、亲戚里面没有因为新冠去世的，算是渡过去了，阳了严重的都是去村医挂个水。,1
290,谣言止于智者，为什么呢？因为智者被饿死了。,2
291,病毒依然还在，该戴口罩戴口罩，为自己的健康负责。,1
292,一直吃喝玩乐，没特别忌讳，到现在还没阳过，哈哈。,0
293,阳过一次，复阳的几率有多少？二次感染会不会加重病情？,1
294,天价抗原，天价药。看你现在闹不闹。封控时期要解封，解封时期闹要封。封了骂，不封骂。网络喷子可劲骂。封了有人管，现在好了，你挣的钱够买药的不？,2
295,嗯，近期看过类似的，也就是这三年大家都很不容易，有些人戾气会很大，大家出行能避免冲突的一定要避免。,1
296,如果现在我们就恢复正常的生产生活秩序，可能的后果或者现状是什么样？听听权威专家怎么说？,1
297,每天約30人病逝，只是指染这病株！老尾不断看其他我国疫情，管好自己吧！,2
298,今天是2022年最后一天，准确来说，还有三个半小时就将迎来新的一年。只不过，无数人被留在此时此刻，留在了这混乱不堪的最后一个月。他们的2023，永远都不会到来。再见吧，这见证人性复杂的2022，再也不见。,1
299,疫情过去了，恢复正常生活了。,0
300,面对常态化的疫情防控，对隔离人员的情绪管理非常重要，有关部门应该高度重视隔离者的心理疏导。明天的生活能否重回正常？心里还是没底,1
301,如果前天昨天今天感染病例都是几百几百的上升，然后突然放开，我觉得就是控制不住了，还是有点担心的说实话，核酸点撤了很多，但是很多地方还是有核酸要求，在找地方做核酸就很麻烦，希望真正的放开是没有核酸要求！,2
302,明明只是回到了今年夏天之前的状态而已。都在感恩戴德什么？什么时候可以取消健康码行程码啊？,2
303,老年人是新冠病毒感染的高风险人群，一旦感染，往重症方向发展的几率相比年轻人高很多，除了做好防护，接种疫苗也很关键,1
304,这里只是假设一下——如果以后感染新冠病毒后可以居家隔离，那么你和孩子（一岁以上）在什么情况下会选择就医？,1
305,对于很多小县城，疫情3年，就没有过病例出现，但是最近这波疫情，很多从来没有过病例的小县城也开始爆发疫情了，就那我们那18线小城市来说，前几天突然新增1例确诊，从上到下都慌了。,2
306,回归正常是相对的，已经有家长表示接到课外兴趣班的复课电话，但不敢带孩子去，观察多一段时间再说。幼儿园还没通知正式开课，如果通知，我们可能也要考虑下，毕竟孩子的同学住的范围还是蛮大的。,1
307,广州人民感觉生活一切正常，ip不在广州的就不要说了好吧。,0
308,“你们不过是死了亲人，而我是心中的一小块痛啊”典型的不知人间疾苦的小布尔乔亚式的无病呻吟。,2
309,广州回归日常了？？这是第一个吃螃蟹的人，为广州点赞！,0
310,能不能先把快递通了，我的厚被子再不来孩子要冻死在宿舍了。,2
311,感慨万千，今天回归正常第一天，除了头痛了一天其他还没有发现异常，天气降温大家保重。,1
312,阳了12天了，一直没有完全转阴，持续咳嗽了十天，而且断断续续的低烧，一查没想到肺部已经出现纤维化，不是说不入肺嘛？二十多岁，没有基础病，这段时间也特别注意休息保暖，心态也很好，但是还是入肺了，幸亏早发现早治疗，大家也要多多注意，有持续剧烈咳嗽的情况，一定要尽早就医，不要拖！,1
313,19年开始的疫情到现在非但没有停反而每天越来越严重，说打了疫苗就可以增加免疫力，可是这个疫苗基本80%的人都打了吧？怎么每天还是几百了几千的上涨呢？看看广州那点事吧！15人阳结果复测11人阴。这就是利益，不然建那么多方仓拿来装饰？当蚊香卖100块钱一盒那么-150℃都会有蚊子！新冠疫苗第三针，百足之虫死而不僵，必定是由内开始的！,2
314,为了我嗓子，我妈偏方都给我整起来了，每天还要一直背书，希望我春节的时候嗓子恢复，继续叭叭叭,2
315,可是真的很担心啊，自己无所谓，家里老人真的很担心，怕新一波。,2
316,广州这次放开和之前石家庄明显不一样。南方人民的接受度明显高于北方，网络上没有各种手疼脚疼请假不敢去学校的事情，也没有各种抵制放开的言论，反而感觉网络上很平静，大家做好防护，该干嘛干嘛，回归日常的感觉真好！,0
317,迎来春暖花开。,0
318,广州敢放开，我们学校不敢。明天就润，能润就润，应润尽润。,2
319,我不知道有多少人是打了疫苗一直咳嗽不好的，怎么吃咳嗽药都不好那种！本人以前是感冒都不怎么有，偶尔流鼻涕吃点药就好那种！但是自从打了第一针以后一直咳一咳！然而又必须打，那时候疫情公司要求必须打没有办法！现在已经从咳嗽转为哮喘了，因为长时间的咳嗽，不知道什么时候是个头！该死的疫情，该死的新冠，该死的强打制度！,2
320,后对此类恶性事件的反应回归正向，不再是幸灾乐祸骂声一片，苦海无边不要被榨干，早点上岸多点时间游世界。,1
321,我爸抗原阳性，但是他没症状，我和我妈抗原阴性，我和我妈昨天开始发高烧，昨晚是难受的不行，浑身疼，今天第二天了，比昨天好受一些，会不会反复烧啊？,1
322,老家镇平已经不知道多少轮全员检测了，还好最近快递恢复了。,0
323,这次病毒虽然厉害，但也是欺弱怕硬，只要平时饮食结构合理，没有严重的基础疾病，中招后别紧张、别乱吃药，保证适当的营养，即使94岁的老人也能经住考验！一句话：在战略上要藐视病毒，在战术上要重视病毒！,0
324,免费都这么频繁做核酸，如果收费，那还了得，一天不得做2遍啊！,2
325,是要全面放开了吗？核酸还做不做?,1
326,三年疫情，远在美国的儿子也终于中招了，到今天整整一周。今天视频中，了解了他中招后的过程和感受。一、11月28日，嗓子疼，抗原自测阴性，但为保险起见，和公司说明情况，居家办公。二、11月29日，发烧至38.5°，自己开车去药店购药。三、11月30-12月1日，退烧，但鼻塞，丧失嗅觉和味觉。四、12月2日-今，鼻塞好转，味觉嗅觉恢复，开始流鼻涕、咳嗽，吃止咳药，有很大好转。由于仍有症状，尚未再次抗原测试。从儿子的以上叙述看，感觉新冠至少对年轻人来讲不是特别可怕，今天1个多小时的视频中，没有听到他咳嗽，精神状态也很好。,1
327,所以我就不理解杭州学校出现阳性，为什么以要停课，选择放开了，你停课几天再回去有多大意义？,2
328,新冠昨天，我对一小孩说，你这种轻症状的是不会了解，肺炎一个月还没好的人的情况的。就像你永远不会知道生孩子的痛苦，解释了也没用。懒得解释。,2
329,前天下午去单位，领导家里亲戚有重病人需住院急救，才知道了保定的医院住院好难，重症病人到了急诊，ICU，全科都没有病床，找了二个三甲医院熟人，都说没有病床，好不容易才住进医院，现在新冠对有基础病的老年人影响太大了,2
330,心情很不好。,2
331,现在很多防控措施比较僵化，比如说饭店老板让顾客只有一个人的时候也要戴口罩，吃饭的时候摘下来，下一口不吃之间又戴上，怎么看待这样的情况？怎么去避免,2
332,12月，在全面放开后中招了。有发烧、头重和咳嗽症状，并且嗅觉在短期内受到影响；刀片割嗓子，水泥常灌鼻，全身肌肉酸痛现象。只吃过两粒布洛芬，喝过两次板蓝根颗粒冲剂。做了两次抗原自测，都是阴性，可能试剂的精确度还不够。看来此次新冠病毒还算手下留情。,1
333,这场没有硝烟的“战争”，我们赢了！,0
334,现在可以确定:5号封城纯属谣言了，解封也已经开始了，这都是好消息了！数字也就不纠结了，没啥意思，估计谁都说不清楚！至于消失的十月和康康的故事，最终也就是个故事了！当然，还有凤凰城自由落体的，也不知道啥情况。反正稀里糊涂的，解封了，正常了，可以自由出入了。,0
335,最后一段说得特别对，这个世界最龌龊的人，就是那些本来活得憋憋屈屈，还事事处处去维护那些侵害自己利益的人，好像这样做了，就能给自己的生活带来质的变化。—跪久了，得了斯德哥尔摩综合症。觉得只有跪着才尽显忠诚，才能获得安全。,1
336,反正我回学校过后出门我一定会带口罩消毒的，之前没放开的时候就经常境外输入，确诊没断过，出门反倒放心，现在不管了，我要开始注意了，交通枢纽城市，可不敢放松。,1
337,说实话这么难吗？,2
338,釆访骨科大夫能说明啥？新冠疫情期间，骨科看病的人数不仅不会增加，反而会减少，人们能不出去医院就出不去，能推迟就推迟一下，另外骨折的意外事故也会减少。采访骨科大夫是不是有点牛头不对马嘴。,2
339,感觉72小时核酸还是有必要的,1
340,车水马龙才是国泰民安，回家过年才是年味所在！不知道这两个月那些封K爱好者们看到社会逐步恢复正常，哪哪都人山人海的春运场面心里会不会不是滋味！你们想要的空城静默状态永远都不会再出现！放开6周全国就基本过峰也是欣慰的一件事。这样的话春天中国经济和社会就将快速复苏！没人希望再回到那天天核酸隔离静默的日子了！如果有那就是纯坏了！,0
341,呜呜呜，早上是被同学的电话叫醒的。有同学因为脑血栓去世了，我觉得是因为新冠，大家要注意身体啊！,2
342,疫情有个问题想请教下大家——一、如果新冠是美国制造的，那么中国的放开就等于是在配合放毒。二、如果新冠是自然产生的，那么中国的放开就是在赌运气。三、如果新冠是咱们制造的，那么中国放开就是胸有成竹。作为一个爱国者，应该选择相信哪条？,1
343,砖家预测的春节农村疫情高峰，没有出现，是砖家预测出现问题，还是燃放烟花爆竹起到抑制疫情的作用,2
344,核酸检测机构盈利两位数甚至三位数增长，年报要爆表了。,1
345,不仅仅是县城防疫压力大。现有的考核政策，已经让地方政府永远在动态清零的路上行走。没完没了的奥密克戎和无症状感染人数，成为地方政府压倒一切的工作。为了更快的动态清零，一些地方出现疫情就静默。有的地方老百姓几十天都待在家里，疫情仍然没有结束。,1
346,2022年绝大部分国家都经历了四波重大感染高峰，多为不同突变株所诱导，平均三个月一次。上海交通大学医学院附属瑞金医院教授蒙国宇说，三个月是不至于的，但半年是有可能的。第二波高峰可能在五六月份。根据对周边城市及地区评估，第二波疫情规模将远小于现在，将为现在的25%至50%左右。因此不需要过分紧张。,0
347,突然消失的感觉，很多人不戴口罩，这边大家都阳过。,1
348,亿人失业，亿人负债讲真的，别不好意思搞副业…给自己多一份抵抗风险的能力，给自己多一个分岔路口选择和筹码，别走投无路后，再想去做选择，来不及应对，未雨绸缪真的很重要。,1
349,为什么连续六天不给中原区国棉一厂的居民做核酸？,1
350,现在，请大家自行去点击发布时间段为11月的疫情相关热搜词条，查看那些发布了反对封控言论的账号有多少在12月初开始就销声匿迹了。其中有多少又是仅仅在22年下半年才有使用痕迹的，仔细想一想当初点燃你情绪的人到底是谁？仔细想一想当初煽动你愤怒的人到底是谁？那些藏在人民队伍里喊口号的人到底是谁？我不帮你下结论，你自己认真去看就可以得出结？,2
351,加强自我防护意识。,1
352,不看健康码才是回归日常！,1
353,再提疫情的人用心不良,2
354,已然普世的新冠，正如此现实而残忍地加速着黄昏，那些扬言“小感冒”和“无症状”，如今又在推销药品和器材的人，能不能先一步日落呢？新年尚未来，可几乎大多数人都完成了迎“新”。平安和健康又成了最重要的词，和战火纷飞的年代一样。,1
355,笑死，说的就跟下面老百姓没有压力似的。,2
356,疫情当前，我只能用画笔为大家祈福！愿疫情快快散去，所有人都能回归到自己想要的生活！,0
357,防疫爱好者又开始了？害怕的直接进方仓自我隔离，别把你的愚蠢释放到靠理性支撑运行的社会上。,2
358,疫情防控，不但需要物资，还要投入人力。理解！,0
359,开学前几天同门二次感染了，腹泻加高烧7天，现在还没来呢,1
360,上海的实践证明：清零才有未来，躺平人财两空！上海12月12号1+9例，19号4+35例，昨天25号11+78例，肉眼可见的快速增长。如果有一个城市控制不了，每一个城市都不能幸免，最后的结果是每个省市都会出台自己的防疫政策，以邻为壑，跨省市的流动将大幅减少，这绝对不是我们所愿意看到的，这对全国的经济将有极大的负面影响。,2
361,朋友们，没有弄清楚病毒消失的原因之前，希望还要小心谨慎，千万不要掉以轻心，保证睡眠质量，注意卫生，增强自身免疫力才是硬道理，祝朋友们春节快乐，身体健康。,0
362,还是纪念一下阳的过程吧，12月17日至12月23日，虽然我是刀片羊，雪中送炭的药真暖心，感谢亲爱的小伙伴们，永远爱你们！,0
363,我不知道该说什么，在我决定转发的时候，又多了两条回答，我连其中十分之一都没读完，也没勇气读下去了，那些之前凭子虚乌有狂吃人血馒头，却在千万倍事实面前装聋作哑的畜牲，我希望有一天，你的家人有机会也成为其中一个答主，答的，是你！这不是一个口说无凭的年代！血债一定要血尝！,2
364,身边的朋友多多少少感冒发烧咳嗽了就诊的医院现在都不接纳了只能说自己保护好自己吧,1
365,放开以后这个传播速度真的吓人，尤其我国人口密度这么大，我同学刚转阴，出去去了趟超市回来又阳了，当晚就发起低烧……说不难受是不可能的，我们医疗条件又那么差，民众又喜欢抢药，我对未来能不能经济变好真不乐观。,2
366,下次再讲大道理前先把自己的新冠病例单亮出来我再考虑考虑听你讲。凡是求开放的非蠢既坏，你要死别拉其他人下水嗷。一边求开放一边宣传新冠是“小感冒”既然是小感冒你先以身试法当个六子让大家看看到底几碗粉，大家也不是束手旁观之人。说腐败的，平常也没见这没多人出来声讨，怎么地是你们那漂亮国牌狗粮到货了？别跟我杠嗷，你杠就是你对。,2
367,想问下广州现在阳了要进方舱吗,1
368,除了广州，再看看成都。在疫情防控上，深圳的视野像个小山村。,2
369,希望大家保护好自己，自由生活。,0
370,能说说你们都复工了没有吗？,1
371,有时候感叹经历，回看2020年，如果没有新冠疫情，所有一切都可以扭转，所有一切都会变好，逝去的不能再回来，眼前的好好珍惜。,0
372,疫情下普通人生活入不敷出的比比皆是，比较庆幸的是我还没刷爆自己的信用卡。,1
373,网络真的都是二极管啊，毒性弱归毒性弱，现在新冠的恐怖的地方根本不是毒性强弱，而是可以反复感染反复破坏免疫系统。的确普通人的一次的确没什么问题，第一次感染的确跟普通重感冒没什么区别，但等你反复感染多几次免疫系统就差不多没了。不合理封控跟过渡管制肯定是有问题，但是盲目放开问题更大！,2
374,什么？还排上长龙了？你们难道没看吗？阳了发烧就居家隔离，吃退烧药，去什么门诊？你们难道还没有准备好药吗？你们的信息是多么闭塞，赶紧看看放开这几天全国各地网民的做法吧。,2
375,现在来个全市核酸结果都不敢发吧,2
376,最初的新冠病毒和现在的新冠病毒，比大清刚成立时的八旗军和清末的八旗军差别还大，但都是八旗军。杀伤力差多了，就有些配不上“疫情”这个称呼了。,1
377,感染第6天，一侧膝盖疼，平着也疼，打弯也疼，有没有一躺下就咳嗽的人，就是刚睡着就会咳醒，咳得很厉害，没法入睡，站着还好点，只要躺下就咳得特别严重，好不容易睡着，在梦中咳的一醒来就吐了，一晚上都这样。,1
378,躺平派也好，封控派也罢，目前的趋势就是要逐步放开，这是未来的大势，无法改变。趁着这个空挡，储备一些感冒药，多锻炼一下身体吧。,1
379,就是什么都不知道，然后封着。,1
380,什么叫恢复正常？那就是不再查验核酸的同时，要彻底取消所谓的健康码！一边取消核酸检测采样，一边商场银行写字楼又继续查验48小时核酸及绿码就太操蛋了，政策规定一定要及时跟进好吗？包括外地对待从广州过去的人的规定，也不应该再查这些毫无实际意义的健康码！,2
381,广东东莞城南派出所能不能别天天机器人全号段无差别电话骚扰了啊，人在山东天天核酸，从来没路过过你那里，别给我打电话了，很烦,2
382,是啊！我们这个西北边陲的县级市，已经长期静默89天了。,2
383,果然跟上次石家庄一样，依旧有人在骂，我除了羡慕还有啥可说的，啥时候能轮到我这破地儿。,1
384,全世界早就回归正常了（除我们国家）外，看看全世界哪个国家因为回归正常而造成了医疗挤兑和哀鸿遍野？大家不要去听信那些无良的专家胡言乱语，做好自己是自己的第一健康管理人。,1
385,年初一一大早去天津走亲戚，吃完午饭在古文化一条街感受年味儿，真可以用“人山人海”来形容！感觉是人贴人往前移动，好几年没有见到过这么密集的人群了，百感交集啊。没有什么能够阻挡，你对自由的向往。,0
386,新冠，太可怕了。中旬以来，每天，真的是每天，朋友圈都有老人去世。住在市医院隔壁，从早到晚都有救护车的声音。今年这个年，该有多少家庭失去笑声。,2
387,日常是什么？是车水马龙，是人潮汹涌，是万家灯火。,1
388,为什么突然停止核酸检测，也不公布中低风险小区，12345直接通话结束，现在连排队的资格都没了？,2
389,这放开的速度感觉好似从ICU捞出来直接送到KTV。,2
390,最近有些浑身不得劲儿，不知道还会不会有其他症状。,1
391,其实我真的很想问一下？有没有大规模的扩建icu！以及相应的医护人员的培养？过去的两年，咱不说三年，第一年都是忙乱的，有没有计划！这么大一个国家，总感觉一点总体计划没有！是没计划？还是缺少敢负责的人？不敢负责就换人行不行？有时候真的以为搞大一统到底好还是不好！,2
392,三年的防疫经验，结果是无数的老人死去，救命物品疯狂抬价，药品买不到，医疗挤兑，各式各样的黄牛，偷盗快递药品。,2
393,近六万人没能熬过这个冬天，该数据还是医院统计，还有很多未去医院的，还是那句话，没有任何提前预告、准备、预演的放开，是严重的不负责任！,2
394,每天約30人病逝，只是指染这病株！管好自己吧！,1
395,首先，动机肯定是好的，为了更好的防控，但是做得如何科学是最重要的。精准防控、科学防控是最关键的，不论是地方部门也好，还是个人也好，都是强调科学强调结合实际的可操作性。,0
396,有没有人能告诉我，新冠后照CT肺部有白点，是否具有传染性？后怕。我们老板今天下班后在办公室说他的肺部有白点，他天天在办公室咳得要死要死的，然后他天天不戴口罩，天天来办公室，前两天也还开年会，一大群人一起吃饭。不知道完犊子了没？瑟瑟发抖。,2
397,国家保护人民三年。2022年的冬天，每个人用炽热的身体与病毒进行着最后的抗争，以世所罕见的感染速度与病毒进行着赛跑。这是最后的战斗，每个人都公平地站在起跑线上，但并不是所有人都能到达温暖的终点。马上进入2023了，好好告个别吧。这糟糕的2022，终于走了，再也不见，再也不想回忆。希望2023年，这个人间能够得到善待！,1
398,嗯，有种茫茫然。,2
399,高兴的太早了，过几周再看吧。,2
400,好像就我不太开心。原因有很多，不是说不喜欢这种“烟火气”，而是社会面还有那么多。自己年轻还好，老年人小孩子怎么办？有朋友昨晚就和我吐槽自己老家多了，都是这边回去的，其他地方的医疗也不知道扛不扛得住。,2
401,失去的东西休想弥补回来。,2
402,万万没想到，小灰也确诊阳性了。,1
403,我这都恢复以前生活了，新冠？不熟！,0
404,我真的很认真的问问大家，我阳康快一个月了，为什么嗅觉和味觉还是特别不灵敏，闻不到洗发水味甚至，我很焦虑，有没有友友分享一下。,2
405,我觉得我这种在外地租房子，上一天班给一天钱，结果现在被封的压力更大点。,2
406,后遗症太难受了，不想吃饭觉也睡不好。,2
407,普通老百姓这几年压力都很大啊。,2
408,山东继续开展核酸检测，真的是敏感度和前瞻性极强的表现！同样也是为人民百姓负责任的表现，安全就是管出来了，放任和无为而治就是不作为！,0
409,放开之后新冠仿佛一夜之间消失了，现在听到核酸新冠有种陌生感觉，身边的人都不怎么戴口罩了。,1
410,12月，在全面放开后中招了。有发烧、头重和咳嗽症状，并且嗅觉在短期内受到影响；无刀片割嗓子，无水泥常灌鼻，无全身肌肉酸痛现象。只吃过两粒布洛芬，喝过两次板蓝根颗粒冲剂。做了两次抗原自测，都是阴性，可能试剂的精确度还不够。看来此次新冠病毒还算手下留情。,1
411,后遗症...嗅觉变得不灵敏了容易烦躁。,1
412,建议对这次制造恐慌的环节追责呢，不能再这么无法无天了。,2
413,我现在都没完全缓过来。,2
414,饭要一口一口吃，广州这样太快了，不看好。,2
415,疫情爆发的3年来，核酸检测经历了高价到免费，到白菜价的调整过程，价格从单次多人混检上百元降到今天的3-5元。客观来说，3-5元并不算高，但现在基本很多地方实行常态化核酸检测，比如要求进入公众场所需持48小时核酸阴性证明的规定。,1
416,很多老科学家走了，很多老革命走了，很多为我国呕心沥血的老人家走了。他们走过了多少坚难险阻，却趟不过新冠。,2
417,我说，现在到处开麦的是不戴口罩到处吐痰又害怕自己阳性病危的是吗？封控的时候又骂封控解封的时候又骂解封，网络喷子让上帝你造个别的地球生活吧（来自封控一个多月叫了第一顿外卖庆祝的广州人。,2
418,"政策跟进社会现状更改优化是好事,放宽的同时另一方面也在加强预防和防控措施,疫情以来第一次被封的我还在继续被封控着嘞!",0
419,有多少人是发烧自己吃药，坚持上班的。,1
420,大多数各个感知，我们觉得年轻人得了新冠没什么，然而，实际数据不容乐观25-44岁之间，新冠这三年，因心脏病死亡增加了30%，因为什么我们的心脏更不好了？真可怕疫情,2
421,说实话这么多阳性，一下解放以后阳性会越来越多，毕竟社会面还是有阳性，这样封控的地方就越来越多。一发也不可收拾了。自求多福了。,2
422,日本上一波疫情死亡人数创3年新高，美国xbb病毒感染比例仅一个星期登顶，卡塔尔新冠重复感染率达到40%，2022年12月至2023年1月末，我国在院感染死亡5.8万例，我不懂你说的跟19年一样是那部分一样？,2
423,你放屁！把场所码也撤啊,2
424,不测当然没有，真的是小地方疫情三年没有一例，这一放直接带回一批阳了的人，不予评价，到底是好是坏由时间来见证，希望我和我的家人平平安安。,1
425,总感觉最近的热搜怪怪的。但又说不上为什么？,1
426,如今是群体免疫了，但是并不如同一些人的理解是国家不理我们了，而是有全民普及疫苗为基础，如此的群体免疫才更为科学和减少病毒带来的危害。一些人是见不得国家的疫情防控是成功的啊，哪怕在事实面前还不认可自己的歪理,1
427,广州动了很多大佬的奶酪，肯定会被批评报复，不信走着瞧！,2
428,看明白了，放开了也骂，不放开也骂。,1
429,成本代价最终不还是小老百姓承担了？,2
430,我不是正，也不是反。。因为我不在煲汤省，但希望有慢性病的多备，避免风险，也希望现在开心的人，后面别再变脸。提前祝新年快乐,1
431,按照学校的统计数据推算，最先放开的保定已经达成了群体免疫。,1
432,近期准备要自费核酸了，所以很多热搜开始铺垫各种压力大，最后苦的都是百姓。,2
433,上班两周了，周边同事都阳了一遍了，我仍然没有发烧感冒得症状。,1
434,重点从业人员7天两检，每次13块左右。我好烦啊！,2
435,现在疫情话题纷纷扰扰，有些图文，视频言论要看看出处与时间。不要被之前正确答案，当成现在的回答。,1
436,疫情之下的凌晨把我打回了原始人饿了得出门觅食要么晚餐得吃饱外卖上人均20元以下没有20-40元跨两个区的商家但是100起送配送费十几二十这才十二点呀疫情之前三四点点麻辣烫都可以快点结束吧,1
437,有人放毒吧？,1
438,祖国和人民不会忘记你们！哀悼抗击新冠疫情牺牲烈士和逝世同胞。,0
439,所幸我们总算爬出了那个巨大的泥坑，虽然满身疲惫和伤痕，但好在还活着。,0
440,害怕就别出门，早晚要过这一关，加油大广州！,0
441,确诊人数可以如实上报吗？,2
442,广州去往其他各地还有什么政策吗？,1
443,天上人间，如果真值得歌颂，也是因为日常，才会变得闹哄哄！,1
444,某中原大省的国际城市，目前就像围城里说的:围在小区里的出不去，堵在小区外的进不来。或许某天都可以进出了，估计外面的也不想进去了，里面的也不想呆这了！估计该国际城市会说:来吧来吧，可甜可便宜去求吧，我才不上当呢。,2
445,回归日常个屁，昨晚有人出去吃饭阳了，很多核酸点撤了，常规性核酸也不做了，随时感染新冠，还不知道会感染多少次！,2
446,现在的人们都怎么了，问候从“你吃了吗”全变成了“你阳了吗”，难道新冠不是病么，明明可以好好防护尽量不得或者晚的病，难道现在已经跟吃饭一样平常事了吗？难道对自己的防护错了嘛…就应该人人不戴口罩大街上撒花么？大家怎么好像因为一场疫情，观念可以扭曲成这样。难道不阳不应该么？,1
447,春节能不能改到四月中旬，不冷不热。因为古代是春节没有多少农活做，所以冬天很冷时候才定为春节。现在情况完全不同了，是工业社会了，不是农业社会，应该改变，从善如流。,1
448,搞热点呗，毕竟弄了3年，大家都怕，每天车祸癌症死的人也不少，没人报道的,2
449,能过个好年了。,0
450,还有哪些人和我一样，阳康后快一个月了，静躺静坐休息都心跳强有力，心率都比平时高都在80以上，动一下身就90多了，这个还是静躺时候，按平时都是60多，站起来就上100多，不能正常走路，又累又喘，除了有点轻度肺炎，检查心肌主要的肌钙蛋白没问题，请问这到底是什么病？,1
451,其实疫情没有离开，我个人觉得不太好，因为安全受到威胁了，甚至都没有地方做核酸了，特别不方便。,2
452,今天才知道，一直在群里跳脚的某些防疫爱好者，人家是入了核酸工厂的股的你们这么一闹，人家不是赚不到钱了吗！,1
453,特别是农业县，财政自给能力不足，又需养那么公职人员，财政压力可想而知，核酸免费支出费用巨为，况且提供服务都民营医疗公司，己经完全市场化，仅财政负担部分重要岗位工作人员免费核酸费用，其他需自费，想检就检，反正它是自限性疾病了，专家都己讲清楚了，减轻县城抗疫压力。,1
454,根据对XBB及其亚分支一些变异位点的研究，目前认为它是免疫逃逸能力最强的变异株。李侗曾解释说，这一结论来自于国外一些研究团队的观察，但XBB具体会让保护期缩短多久，还有待进一步研究。一句话我很紧张。,2
455,停电停水了，被窝里嗷嗷冷,2
456,幸运的我，但我们一家还没有阳过来。,1
457,"一个时代结束了。“孤勇者”走进人群,融化成这城市里最普通的烟火气。那些鲜为人知的昼夜与黎明，也将一并消失。",1
458,各位已经分不清生活和活着了，现在是活着，2019是生活，那个才是日常！,2
459,沈阳的夜景还是很美！心情放松的逛了一圈！爷爷奶奶很平稳！他们的老年基础病没有对他们有很大的影响，虽然暂停了一些药！感谢冯医生，感谢护士小姐姐！更要感谢卖药的大哥！虽然辉瑞药是国外的，你不是神药！但却真的帮爷爷奶奶减轻了痛苦，希望没有其它的后遗症！在这里对你们说感谢!,0
460,而且这个病第一批得的人还没有时间很长，谁知道会有什么后遗症，希望国家控制下疫情，不控制对于老年人还有抵抗力弱的人怎么办？,2
461,一个月后再看吧！,1
462,我也希望我这回归日常，可能么？你们的放开不知道给我们小县城增加多少工作量？小县城的医疗条件比不了大城市，只能防微杜渐了！,2
463,火葬场人太多了,2
464,如果有比新冠病毒更毒的东西，那就是张文宏的言论。得新冠，大多数人都会康复，除了死去和小数后遗症者，但听信张文宏的反科学、反智、混乱的言论的信众，几乎终生成为反科学、反智的盲从者，并影响其子女及家人，其社会危害甚于病毒。,1
465,2023年的前3个小时，是在买药中度过的。愿2023年，亲人朋友都能健健康康。,0
466,你还不如那没视力的小虫子,2
467,这一波新冠疫情，仙逝的老人无法计算。单单著名、知名人士，足够穿越历史时期所有的天灾人祸。富有的，是这样；杰出贡献者，是这样；著名人士，是这样；中产阶级，是这样；无产阶级，更是别样。未来，或许还有更多的老人或著名人士不确定，这是一场史无前例的生与死的斗争。愿，上天保佑天下所有的人们，平平安安，战天斗地。,0
468,天津医科大学总医院医学影像科全面落实“保健康、防重症、降死亡”的目标任务，始终坚持“人民至上，生命至上”，科室全员众志成城，团结一心，执着坚守。,0
469,因为新冠离世这种事情真的发生在自己身边的人身上时突然能理解亲人离世那种悲痛感了真的悲痛的时候眼泪是止不住的愿所有因新冠而失去亲人的朋友节哀他们希望看到你们幸福快乐,2
470,反正我就是呵呵了，不知道怎么评价好，现在去药店买个药贼贵，买个连花清瘟胶囊知道涨了多少钱吗？涨了起码有两倍以上。四五十块钱一盒。我爸昨天去药店帮我买的。人家还是偷偷的卖。其他感冒药都涨价了。跟这个放开没有关系吗？,2
471,想起我阳了那几天，心里酸酸的，特别难受，没人管没人疼，没人爱，伤心。,2
472,核酸机构利润越多，压力越大。,2
473,不管是严防还是放开，都会有人争论，咱不争论这些事情，咱就拥护最高层的决策，并做好自己的防护、守护好家人和应有的社会公德（比如带好口罩、不去少去人员聚集的场所。,0
474,新冠感染后很多人都出现咽喉痛，可以试试罗汉果养生茶。中医之妙就是能把食物当成药物来用，就地取材；西医虽然好，但不免有些外资企业希望大家把药当作食物一直吃，现在很多慢性病的药一吃就停不下来了,1
475,会是最后一次了么？三年过去了，这三年不能说没有埋怨，但是真的到这一天，还是心里五味杂陈的，政策也被周围人和网上一些人怀疑，一直吵得不可开交。刚才发布会提到吴凡主任，想想那两个月，大家的态度……最终事实会给大家答案，愿大家未来一切都好吧……未来可能还是有更多挑战，钱还要挣，新冠解开了以后大家各自努力吧！,1
476,广州周边县市乡村的居民自己保重吧——来自河北农村的提醒！,1
477,为什么明知道是美国人制造的病毒，美国人还安然无恙的生活！为什么这个世界这么恐怖，为什么会有这么可怕的美国人！为什么我们不能消灭这个世界上的坏人！难道就这样任由他们破坏中国人民的健康吗？多少尸骨，都不会忘记今日之大灾，这仇我们一定要报！,2
478,一副岁月静好的样子，实际上乱七八糟，刚把人都疏散回老家，人还在老家居家隔离，市场全部开了人回不去档口租金却是要交！什么狗屁都不知道！,2
479,这个，这个，这个风向，不太正常啊。,1
480,下沉社区，几个月来入户几次了别说防护服，连酒精都舍不得发一个，袖章工作牌工作报表倒是发的不少。噢，还是发了一包口罩的～～,2
481,环境消杀还是很有必要的，防疫的基本措施还是应该有的。,1
482,是就诊人数无增加，还是无法就诊。,2
483,别再心怀幻想了，咱们的疫苗够14亿人打几轮的，全球之最，无可匹敌！绝对不接受外来嗟来之食。崇洋媚外的各自预约去国外打疫苗吧，司马南们赢了！,1
484,领导亲戚因为新冠去世了，70多了有基础病。最后肺都已经变白，昨天找特效药也没有用。唉，家里有老人并且有基础病的注意点吧，以前都是听说有因为新冠去世的，但是这个却是真实发生在身边的。,2
485,坦然处之，刚开始的紧张担心是必然的，但这个心理建设过程很短，3天左右就都乐观了，因为大家都阳了。,0
486,南方确实总是走在前面，不服不行。,0
487,拼免疫力的时候来了，全民防疫不如全民健身吧,1
488,这种新闻就别来了，让好不容易恢复正常的老百姓过几天安稳日子，好好挣钱吧！正常防护！,2
489,瑟瑟发抖，之前封的三年都白封了,2
490,来来来，做核酸，做核酸，请赶快过来做核酸。,1
491,郑州社区刘红英书记，疫情就影响了你家阖家团圆给你女儿过生日啊。还要在发布会上卖惨啊！,2
492,哈尔滨什么时候能恢复正常的生活呢！十多天了，虽然没有完全静默，但是除了生活必需品的所有商业门店都关门，小区凭出入门整一天一人两个小时，就这样还每天很多社会面出现，这样落后的省会城市什么时候能进步一点！防疫没有问题，但是能不能不要再用这么影响人折腾人折磨人的方式防疫了！,2
493,真TM的想爆粗口，这都什么人，朋友好好的防护着，努力上班，家里还有孩子，这人的道德素质太低下了！,2
494,没有看到几个媒体人报道疫情下普通百姓生活压力有多大，只看到很多媒体人报道生活越来越好，有网友认为这个词条就是在为全国核酸付费做铺垫，紧接着再来一波国外做核酸有多贵！你们怎么看？,2
495,港区呢？只字不提？为什么这几天又静默了？一直不解封。,2
496,现在出门大部分人都不戴口罩了。,1
497,最近新冠疫情严峻，大家一方面出行记得做好防护措施，另一方面，家中必要的物资储存也不能少哦！,1
498,“确诊”两个字，对于很多人来说，曾经是多么的遥远！可变化得太快了，谁曾想在家里也都要戴口罩，无法跟家人亲密无间地交流？九成以上感染是什么概念？可如当初无法相信的预言那样，人们纷纷“阳”了，挤进那不到百分之十的人群，在这恶劣的环境包围下还能“幸存”着，真是万幸！但愿与家人能继续幸运下去，人们经过一番煎熬，第一波高峰终于过去了！即将迎来新的一年，但愿日后没有第二波疫情，但愿世人安康，快乐地迎接那崭新的一年！,0
499,看着到处旅游，拥堵的。觉得这郭家好奇怪!好像走了似的。这几年，每年都超额死亡100多万!都视而不见!躺平之是多少？总是说没事。然后，专家没名没有讣告去年死了62还是不完全统计中锅才130种印度放开的早，都200多种专家，院士你们觉得中锅会比印度少？这样天天说拜年话没事没事天天温水煮青蛙是不是，都是汉间？!要是破亿了怎么办？传染都破十几亿了这的确世界第一够丢人的说:死亡破亿怎么办？25%老年人死一半（1.75亿）稀奇么鸡滴屁最少，少了2万亿呵呵。,2
500,实际实况:发热门诊每天100个阳性，只要现在发热，基本是新冠没跑了。不测就没有，你再测一次全区核酸看看。,2
501,说的不好，没感动，只觉得尴尬！满分100，给1分都多了！,2
502,政府的公信力呢？党员的实事求是呢？,2
503,真是无语，当初上海为什么不让放开，本来要放开的，又给上面拉回去。把经济给搞死了，开放以来，经济最差的一年！,2
504,郑州扯了这么好几天，到底有多少病例？多少例无症状感染者数据统计出来没？,2
505,学了半年的行政救济法，遇到疫情防控都变成了一张废纸，就是不讲道理更不讲法律。 湖北抄作业会抄吧？,2
506,做高冒险、高利润性质的事情，对运气的要求比较高，不同于一般。这叫捞偏门。想捞偏门？先问问自己有没有这个面相。,2
507,第六周了，请问今年还让上班吗？,1
508,最新消息，俺居住这一栋居民楼里，俺楼上的那一户居民，俺楼下的那一户居民，都感染新冠病毒了。我难道会独善其身吗？我估计我也快了快了……唉！,2
509,因为对于我们即将要高考的比较重要，隔壁班过几节课就走几个人,2
510,这么冷的天气，外面除了咳嗽没有别的。,2
511,当所有人认为感冒一下是政治正确，然后那些阳性患者不戴口罩，觉得反正自己已经感染的，无所谓了。然后那些戴着口罩全副武装的人反而成了小丑，他当然知道这是大势所趋，但是没事为什么要生病呢，为什么所谓的感冒就变成了正常行为呢？,2
512,要不这样吧，重新开个省，把不想放开的都移送到那儿去生活。然后其他地方都回归yq前。我相信大部分人已经不想再这样下去了。,1
513,病毒又没消失，有人感染也是事实。为什么不能提？,2
514,你就直接说之前阳过的不免疫xbb，就行了。,2
515,昨天全国9500多人感染，死亡5人；而美国昨日新增32.7万，死了快2200人，不知道那些封控爱好者嚎个啥劲？对比一下这些数据，还对政府的工作不满？这些质疑防疫工作、鸡蛋里挑骨头的人，到处抱怨，制造社会对立情绪，莫不是行走的50万？,2
516,自1月8日起对新型冠状病毒感染实施“乙类乙管”。“乙类乙管”意味着工作重心由防范全人群感染转移到保护重点人群、降低重症和死亡。那么所谓全员核酸本身就无法强制，那么就算做核酸也只能是自愿。我其实觉得各地都可以留几个自费核酸点自愿去做，觉得自己发烧了不舒服可以去测一个，然后考虑用不用去医院，没有症状的没有必要老检查耽误时间。,1
517,发布会，要讲真话，办实事，不该成为秀——可惜，表演，已经深入骨髓，感动，难以自已。,2
518,新冠后遗症之一是味觉嗅觉会丧失啊，还有多多分享相关药物。,1
519,供参考！一定要当心，新冠疫情不是你想的那么简单，再说一次，那些盲目“开放”的城市，用不了多久就会被病毒打的头破血流，并且成为防疫抗疫的罪人！,2
520,相信会越来越好的！,0
521,微博是懂得如何吓人的。昨天晚上怎么都睡不着，以为是下午睡多了刚刚挡窗户的垫子一整个掉落以为它为我“阳转阴”而欢脱了粘上还是睡不着打开微博“失眠可能是肺出问题了”我真的会谢的一天天的不要这么吓孩子了。,2
522,现在的疫情防控，是不得已的放开了，固守动态清零的方式已经不可行，让我们面对现实吧，积极防护，稳妥治疗，不要在网上吵来吵去了。,1
523,阳了之后很容易焦虑，在群里答应大家搞个2022年的总结活动，我得先写个样本出来，死活没思路，大家也这样吗？,2
524,阳康后小瑄首次野河钓鱼，临近傍晚大鲫鱼咬钩疯狂，这下钓过瘾了。,0
525,终究是医护扛下了所有，每天都在羊群穿梭，大家都拖着病体去上班，累到不想说话。希望每一份无惧都被感动，每一份付出都被铭记。,0
526,前段时间感觉全过去了，没有人在生病了。最近送娃去幼儿园才发现，很多人在生病，只是不知道该怎样防，爱怎么样怎么样……,1
527,你存于世上，需要两个藉口。一个给自己，用来安心立命。一个给他人，用来安身立命。相同则安，相悖则苦。,0
528,新闻发言人现在很注意形象！,1
529,简直就是荒缪绝伦！不用等到历史书总结的那天，这些宣传新冠就是普通流感，属于一场感冒的专家，那些拍板同步开放的决策者，你们就是中国的罪人！,2
530,给所有老年人打白蛋白吧。,1
531,老百姓压力太大了。,2
532,昨天看俩记者提问后就没看了，看完的告诉一声，有没有记者问有关流调信息的问题？,1
533,想想当初是怎么骂上海的？,1
534,我以为这次开学像三年前开学一样，提着行李就走了原来是我天真了，核酸、行程、健康监测、审批申请等一样不少疫情都放开了，为什么开学时间还会延迟半个多月，为什么还有小道消息说开学审批制出入校,2
535,虽然舍不得海南，还是恋恋不舍回家跨年了。昨天下午2点的五环，堵成狗，从来没有如此欣喜地面对堵车，正常生活又回来了！,0
536,小县城应该比大城市压力小一些，个人觉得。,1
537,同事陆续返岗，见面说的最多的是：“恢复的怎样了？”最近经常接到员工的请假单，其中不乏有“奔丧”，3/4份了吧。不忙的时候也会浏览下微信的聊天记录：同事的前同事突发心梗去世。朋友的交集圈一酒友转阴后返岗当晚家中突发心梗去世。运动圈里更是猝死、病毒性心肌炎的消息络绎不绝。这就是已经预判到的代价吧。,1
538,我就从前个星期开始，连续出现了多天的发烧、头痛、喉咙痛的厉害、干咳等症状，怀疑是新冠病毒感染。没敢去做核酸，猛喝茶水。这个情况我从未告诉任何人，就这样听天由命地持续了差不多一个星期左右。还是天天喝酒加熬夜写文章。结果是，今天起床后感觉所有的症状全消失了，一身轻松。好了。,2
539,继续折磨中国普通老百姓。,2
540,感觉网上济南疫情很严重了。我爹跟阳的轨迹重合度极高，然后给网格员报备，说让居家，且自己去做核酸，简直惊呆了，觉得这社区也太不重视疫情了吧，这可是密接啊，然后今晚接到电话说明天开始上门给做核酸。,2
541,这几天网上舆论铺天盖地的都是刘红英的，正常，那就是在这个场合说错话了。这也让被封控很久的人们找到了宣泄口。人们关注点无非就在她只关注错过孩子的成人礼上，而忘了还有更多的人错过了更多的事！,1
542,我们家一个人没阳为什么。,1
543,杭州机场强迫落地乘客隔离。不让送药，把人赶上大巴才告诉隔离酒店的位置。很多人被送去行车两小时外的千岛湖，住在没有暖气没有网络没有热水的隔离点，在零度左右的气温里。落地的人都是阴的，酒店的员工都是阳的。你们凭什么隔离我们？你们害人，我们是去救人。,2
544,我们的新冠特效药呢？好像也不贵，疫情这么严重，特效药应该发挥自己的作用了吧，还是去我的想法只是梦。,1
545,难道广州要真正做到敢问天下先，认真落实了吗？,1
546,病毒被烟花炸掉了。,1
547,怎么现在还有人在质疑当初新冠的致命性呢？要知道当初新冠肺炎的毒性是现在的40倍，现在致死率已经很低很低了，从开始必死的疫情到现在的重型感冒，那个时候感染了会肺纤维化，这是不可逆的，武汉替所有人承受了第一波最严重疫情，所以真的不要因为吃第三碗饭饱了就说前面两碗没意义了。,1
548,总结：唉，又开始了叽叽喳喳，叽叽喳喳的，一点儿屁事儿比谁的声音叫的都大，叽叽喳喳有用吗，还是看下实际的行动，大家的配合，我们小区正在静默。核酸检测筛选社会面，大家都很配合，社区网络员也组织的很好。5天时间或14天，希望尽快完成清零面吧。,2
549,也许吧，我说也许，人们的心态因为疫情会有变化。以前还纠结老了以后怎么养老，现在好了，可能人都活不了那么老，或者就是带病痛折磨的活着。心态反而更放松了，及时行乐，不留遗憾。,1
550,关于死亡率，全世界都在美化数据。在英国，住院“康复”的人，只有在28天内死亡才会纳入统计。8分之1的人在5个月内死亡，6分之1在6个月内死亡，一旦到了进入重症监护室的程度，死亡率将升至2分之1。我们也不例外，今后有无数人因新冠而死，却不在统计数据中，武汉曾发生过。,2
551,疫情信息与群众感受不一致？官方回应网友反映。童爸点评：不要把群众当傻子。如果不顾及群众的感受，那么就会丧失权威性。,2
552,别的我不清楚，就知道前天单位做核酸，昨天就有10几位同事核酸结果异常，再做核酸，有几位同事阳性初筛，包括我们办公室的一位同事，没放开之前我们单位做核酸是从没出事的。所以话题是想说明什么？,2
553,最近这个风声不太对呀，民生与经济，总要分个先后，非要说个对错，辩论一天都毫无结果，交给时间吧。,1
554,这位大哥讲得不错！官媒都看不下去了，纷纷出来发声谴责！司马南那种碰瓷名人，搞对立，盖帽子、为了流量，无所不用其极、严重撕裂社会的行为，已经引起了公愤。司马南就是这个社会的一大公害，不除不足以平民愤。,2
555,重庆会有这一天吗？,1
556,尊重一下客观现实，又不是掩耳盗铃就能世界大同的,2
557,新冠后的剩者为王，得了新冠后更感觉剩者为王，因为有后遗症，所以更加爱护自己的身体，不爱护的走了，剩下的真的是赢家。晚安。,1
558,这一波新冠疫情，仙逝的老人无法计算。单单著名、知名人士，足够穿越历史时期所有的天灾人祸。富有的，是这样；杰出贡献者，是这样；著名人士，是这样；中产阶级，是这样；无产阶级，更是别样。未来，或许还有更多的老人或著名人士不确定，这是一场史无前例的生与死的斗争。愿上天保佑天下所有的人们，平平安安，战天斗地。,0
559,解封两天又封起来了，到底干嘛。,2
560,反正不管疫情怎么样，普通人的日子还是要过的。今天我也刷了刷社交平台，总体来说不少广州民众还是挺乐观的，海底捞都坐满了。当然，现在你就算想不乐观，那也是不行的了。,0
561,19级好惨，大一疫情开始，大四该毕业的时候疫情结束了，谁赔我这三年多的大学时光？,2
562,多家核酸检测企业应收账款超净利润，疫情之下，在诸多行业面临经营压力的背景下，似乎只有防疫相关的医疗、疫苗、核酸等行业一片火爆。但全社会不可能都去靠防疫赚钱，有太多人或许根本进不了所谓的主流行业，只是在各个小微企业打零工赚钱。,1
563,看见这个标题，让我想起了2020年年初武汉的回归日常。,1
564,梁启超傅斯年表面死于疾病，实际死于崇洋媚外，相当一部分疾病选择西医治疗，就是自寻死路，协和也不好使，一味地用头衔衡量事物，就是愚昧无知的表现。洛克菲勒买通了很多名人恶意抹黑中医，因为中医治病又便宜又快，挡他财路。,2
565,有没有友友康复之后出门吹风就会头痛啊我不知道是因为天气温度太低了还是转阴后遗症现在就是出门离不开帽子,1
566,“我问你啥时候能点外卖，你跟我说别点凉菜。我问你啥时候能出门口，你跟我说出门回来鞋放门口。我问你啥时候快递能恢复，你跟我说拿完快递记得消毒。”你回答的绝绝子，回答了又好像没回答，水平真高啊，政治家们！,2
567,我一点都不觉得恢复正常，所有免费核酸点只给特殊工种做或者直接不开，想要做个核酸还得去医院抢号或者挂号，昨天到今天光是打车去找核酸点加做自费核酸就花了100+，居委天天在追阳性患者，我可不敢去堂食，囤药囤口罩吧！,2
568,"看着大家都欢天喜地开开心心,作为医护人员只能希望这个开心能长久一点,希望不要在不久的将来,或因为重症病人或因为大面积院感,导致医疗系统崩盘甚至瘫痪。",0
569,阳康之后的那些事儿，姨妈离家出走，一言不合就拉肚子。一天到晚啊嚏啊嚏，地上到处都是头发,2
570,压力再大，都要保障好老百姓的衣食住行医！,1
571,周一前能到吗？,1
572,在广州表示一切正常。,0
573,广州也没想到，自己只是第一个彻底实行20条的城市，就受到大家热情感谢。如今的广州并不是放弃防控了，只不过更加科学的分类实施防控，并且广州鼓励家庭自备抗原试剂盒，然后核酸也得自费了。,0
574,防控放开，病毒伤害还在。,1
575,千万别惹开宝马的，因为司机有可能是新冠病毒，副驾驶还放了一兜刚点的凉菜。,2
576,封控第21天，楼都没下过，被一个女的恶心到底了。人性的恶真是恶心到吐。天打雷劈的货。,2
577,所以郑州你过年前还开不开学？,1
578,是的，感觉现在生活已经回归正常。,0
579,做好自我保护，戴好口罩，勤洗手，家中常备药，好好生活就可以了。,0
580,有完没完，学校早就该恢复正常了。,2
581,坐标山东招远，凌晨12点59分窗户一阵闪光，一个大响雷！大雪的天打响雷，预示第二波疫情还是三战开启？,1
582,进入正月就不能剃头了，传统是说会方叔叔，出门去剃了个头，顺便逛了菜市场，发现已经有人不带口罩了，不知道是有事刚摘下来还是有意不带的，难道阳过之后就天下无敌了么。新年疫情,1
583,疫情已经消失，恢复正常生活了,0
584,如果放开了，那大家一定要好好戴口罩，少去人多的地方，懂经方的有经方护身，家里常被仲景方准没错。类似柴胡类，青龙类，如果不幸中招，需要辩证用药。,1
585,今天疫情放开后，把保安都给整不会了，小区的保安大叔最近脾气不好，这几天说话越来越粗鲁，谁不服从他的指令就破口骂人。今天跟他说，现在取消封控不查核酸了，新的文件都出来了，跟之前不一样了。这个保安大叔突然腰杆就不怎么挺了，从意气风发变成了意志消沉。,1
586,压力山大，疫情啊，退！退！！退！！！,0
587,还是今年的炮仗给力，都把病毒和晦气都炸飞了。,1
588,但是没有24小时核酸进不去医院有的店也是需要48小时才能进，核酸点又没了，医院的自费核酸也排不到，真的无语。,2
589,第一次在公司请着假睡老板办公室沙发，这感受太不一样了不过澄清下，也是因为一大早6点起床陪朋友去医院手术，我从松江去到浦东，跟她相距一个半小时距离，等她做完手术挂完水还得进公司晚上聚餐，医院跟家还有公司三者距离太远，还正生理期属实累趴了最主要新冠阳康后还在咳嗽爬个楼梯都没力气，进公司后腿剧痛痛到骨子里。,2
590,都这样感觉，好像回到了2019年了，都井然有序了，真的以为新冠已经过去了。,0
591,疫情阳了，专家们的狡诈，百姓已经看清你们的嘴脸，请好自为之。,2
592,树欲静而风不止，不能不防。,1
593,看着似乎回归早正常又觉得有些奇怪。,1
594,姐姐、老妈依次中招，我被紧急召回！幸好我已阳康，坚信94岁的老妈能扛的住新冠病毒的袭击！车速接近350km／h，车厢基本满员，相信一切都会好起来的！,0
595,真这样就好了，5/6月份就知道了。,1
596,坐标河南郑州，在喜迎2023第一场雪的同时，关于新冠，有个现象不知道大家留意没？2022年12月初刚放开的时候，大家先是高兴，毕竟三年了终于不用做笼中的鸟，高兴的劲头还没过，又担心甚至恐慌起来，即便能买到退烧退热药，身边无论男女无论老少基本都阳了一遍，在月底多数人阳康之后，有不少人开始恢复，迎接正常生活了！,0
597,春节人员到处流动，亲戚朋友外出聚餐，也没听到周边认识的人二次感染（没阳的也没什么事），春节假期都快结束了，感觉病毒突然消失了！,0
598,看看能坚守几天，那群天天喊放开的，立马要转向开始喷医院了。接下就该要进口特效药、疫苗、还得纳入医保。哪点是为了自由？都是为了生意。,2
599,病例数上升时，不戴口罩不测核酸不是勇敢，而是愚蠢。没有哪个战士在打战时，把钢盔扔掉，冲出战壕。,2
600,终于，很开心！可以想啥时候去商场吃饭就去吃了，想去哪逛说走就走，不用每天排长队做核酸保持24小时码了。,0
601,可怜我们这些草民如草芥一般！,2
602,积极响应各项防控措施和要求，做好防护，接规进行核酸检测。当然小城市和县城收入相对较低，如果实行自费核酸检测，在价格方面和大中城市应该有所区別。,1
603,何不有序放开呢？上班族阳了，孩子阳了。收银员、快递员，成了病毒的传播者。阳了的人，应该停下脚步，痊愈了再出来吧。,1
604,封了一个月的感受就是，这一个月我活动的距离就是床和凳子，日夜颠倒，近乎发疯。我感觉比疫情更可怕的是我的精神消耗以及日渐增长的年龄却看不到未来，所以，现在这样子回归日常，虽然也会紧张，但是更多的是打心底的自由，自己会更加防护好自己的，希望彻底的自由就在前方!,2
605,新冠居家的第八天，重获新生，有种不知今夕是何年的恍惚。过程中发烧鼻塞咽痛的折磨，加之不知道何时发生的后遗症，正在摧毁着人们的信心。疫情让人身心俱疲，几十亿人口在小小的病毒面前，溃不成军。愿山河无恙，平安喜乐，来日方长。,0
606,按照这个图颜色从南到北，三个月应该可以全覆盖。奥密克戎我们准备好了，你受死吧世界杯结束后，应该会迎来一个美好的春天吧！,0
607,免疫系统：这把高端局。顶住，千万别拖后腿。不想去历劫！,0
608,害怕，疫苗为什么奇奇怪怪？首先我的身份证从来没丢过，不存在被别人用，我第三针根本没打，而且我第二针和第三针.上面时间是三个月?怎么可能三个月就打啊，然后就是第四针“省外”天，我真的无语住了，我第三针都没打哪来的第四针，今年其实七月份我就去湖北这边医院查了，她说让我去青海自己把这个信息取消掉，我是在青海上学，但是因为疫情特别严重，到现在也没开学，我真的好无语好无语好无语。新冠疫苗第三针我该怎么办，我到现在都没开学，我突然就好慌好慌，我还有点害怕，我害怕我害怕我害怕啊啊啊,2
609,有学生发烧，试剂盒测不出阳，不知道是不是新冠。有没有一种可能，这次新冠试剂盒测不出。,1
610,新冠防控真的只有“封闭”和“放开”两条路吗？网络上对于“放开”的定义等同于躺平，甚至对持放开。,2
611,我们的数据是掩耳盗铃么？为什么我们身边的每个人，走的走，火葬场来不及火化？,2
612,路上至少80%的人没戴口罩了，但是很担心第二波，所以出门还是会戴。,2
613,做好日常消杀工作的同时，也要注意消防安全。,1
614,深圳什么时候能跟上，脖子伸长了期盼了一天，迎来了辟谣。有些学校和小区已经不看24小时核酸，绿码即可，可是公交地铁还要48小时的核酸。如果真的不要求了，那就不需要做了，核酸点也就不用存在了。但是现在是反着来的，撤核酸点，但是很多场所还要求48小时核酸，这就离了大谱了！,2
615,疫情退散！远离！远离！远离！从来没有被隔离过！最近距离一次隔离！新冠撤退！,1
616,中国调整了自己的疫情防控政策，正在穿越疫情的火墙。不管是否同意，在这个时候外国都不应该老是对我们指指点点。,1
617,比之前两个月天天做核酸还绝望，开心的只有本地人和想直接放开的。我不想回家路上被感染，不想如果感染还祸害家里老人。但是现在完全不受自己的控制，也不知道落地之后当地说的居家隔离会不会真的变成集中隔离。如果真的能回到19年，不想再在外地读书。,2
618,这几个魑魅魍魉在这逼逼赖赖什么呢？水平这样还能做到这个位置？害，郑州完了。,2
619,不强制执行核酸检测可以，但能不能增加多几个核酸检测点啊？去医院三天三检也考虑一下病人的需求啊！,2
620,家里燃气灶坏了，找售后报修，售后小姐姐用沙哑的嗓子一边咳嗽一边问我:你阳的还是阴的？阳的师傅一会就能来，阴的话暂时没有师傅能去，要等明后天看情况。,1
621,具有时代特色的看图写话。,1
622,甚至，世卫组织也面临胁迫。外交部：望世卫科学理性判断中方防控成效，客观公正发声外交部：望世卫科学理性判断中方防控成效，客观公正发声,1
623,疫情三年，很多人活通透、想明白了，买房真没租房划算。非要买房，得到的是面子，失去的是一生的自由，半辈子要还房贷。对于车子，也不追求昂贵的，打车还省钱，不用考虑停车、保险、加油等一系列费用。或者选几万块钱的新能源车，能开就行。大家再也不做无谓的攀比，对曾经追求的面子和虚荣，失去了兴趣和耐心，不想花半辈子的代价去追寻身外之物，过好生活就好。,0
624,很多老人小孩儿病人还没得呢，告诉他们好提前防范。,1
625,不用各处扫码，随便堂食。回归正常的生活真的太舒服了！,0
626,楼下班发烧十几个了，瑟瑟发抖中。,2
627,现在大家都不戴口罩就令人担忧啊。,2
628,什么鬼怪病啊！我新冠康复已经快两周了，自己觉得恢复得差不多了，今天跳了刘耕宏40分钟，是我以前经常跳的操，跳完竟然心脏不舒服！,2
629,春晚2023今年春晚观众没有戴口罩阴霾散去，阳光终将到来。,0
630,可是真的很担心啊，自己无所谓，家里老人真的很担心，怕新一波。,2
631,新冠白肺如何预防和预警？能治愈？,1
632,我不再记录这些数据了，除了个别省份，目前已经几乎都无意义了。只要看看河北的曲线就应该明白了。所以国外到底感染了多少人，实际上要在统计数据上乘以n。你觉得n应该取几？,2
633,老同学在解封后就奔工厂忙订单去了，生病有什么好怕的，广东人只怕搞不到钱。等着瞧吧，越穷越落后的地区越愿意坚持清零，毕竟搞经济的难度可太大了，坚持封控多好啊，不用管招商GDP增速这些发展指标，还能通过盖方舱分猪肉。最后还是有钱的和有钱的玩，没钱的报团搞层层加码。,1
634,疫苗依然是最有效的武器，后面一旦放开，感染者会爆发性增长，随着时间推移可能迟早会被感染。群体免疫是虚幻的想象，病毒会一轮又一轮破坏T细胞，破坏大脑、心脏、肾脏、神经、血管，不过是能撑几次的区别。但疫苗只能降低重症与死亡率，对避免重复感染效果很差。最好的手段是不被感染。,1
635,我这后遗症整得我生不如死。,2
636,就是掩耳盗铃,2
637,去了一趟医院，感觉太难了，放开带来的冲击力。,2
638,小学生复课了，才算真的回归日常了！,1
639,最近身边戴口罩的人少了很多，我感觉我周围大部分人都阳过了。下了地铁进入办公区已经没人戴口罩了。,1
640,这就是中医中药带给新冠患者的价值一老病人爷爷，八十多岁，淋巴瘤化疗后，又感染新冠肺炎，而后卧床不起，饮食不进半个多月，打针输液状态越来越差。伴偶有咳嗽，疲倦乏力，周身酸痛，大便稀溏。予以人参败毒散合附子理中丸加藿香叶。五剂，今天反馈，已可以起床，可逐渐进食了。不得不说，结果破让人振奋！给中医中药点赞！,0
641,必须给江西抚州东乡点个赞，核酸检测是对的，毕竟春节期间，人口流动比较大，可惜.可惜，在放开的情况下，显的比较突出,0
642,还有半个月就回国了，希望广州疫情能赶快过去！,0
643,什么时候全区恢复堂食啊？,1
644,要是没钱的话，给生物医药企业定向收税吧。,1
645,清零派与共存派都基于自己的见识与立场有着各自的说辞和观点，你来我往不可开交。不如恺撒的归恺撒，上帝的归上帝，保留争议，包容异己，尊重彼此，管好自己。让时间和实践去检验真理。,1
646,哇！原来微博还知道呢。,1
647,这一条有调研的微博，经过对我周围人的调研，阳后一个月姨妈普遍推迟5-10天，我推迟了9天，这是否会对人类的生育产生进一步影响还待进一步研究。,1
648,疫情蔓延，何谈日常？,2
649,不满意这些人是正常的，反正现在他们已经不怎么让人相信了。,2
650,不是你压力大给谁看吧，说这个想让群众体谅自己自费做核酸？你干脆把转运时候的车票也收上。,2
651,祝咱们的粉丝没阳的都不阳，阳了的早日康复。,0
652,想问个问题，明天没有24小时核酸可以出去上班吗？今天小区没有统一让做核酸，核酸小屋说今天是特别人群做，不让我们做，现在核酸到期了，明天还得继续上班，咋办？,1
653,春节不好，四川省中部省是湿冷，过个毛。春节期间，韵达快递说大年28开始放假，正月初八才上班，期间没有快递。越穷地方放假越久，有些地级市，市区街道上饭店要正月十五以后才上班，服务意识差。春节期间多数人是无所事事，算计别人，请客，要别人给他送钱。,2
654,多数核酸检测企业净利增长翻倍，结合起来看，花纳税人压力挺大的，毕竟业务增长体量巨大，压力能不大嘛。至于小城小县小村小户小老百姓，能有啥压力呢？静默到春节的话，连年货压力都省了，多棒。,2
655,有很多(志愿者)们心理不平衡啦。,1
656,郑州繁荣稳定岁月静好社会和谐，1450境外势力抹黑郑州。,1
657,武汉救援医生亲自发声病人在门诊就去世了，尸体来不处理。这些都是真的这三年多还有人说是造谣说魔女小稀是造谣谁看过推特上武汉一个医院里，走廊里到处都是病人，人山人海，一个老太太推着自己轮椅上的老伴，跟录像人说：已经死了。还没来得及救治老头就在轮椅上去世了！天天他吗的境外势力我真他吗的服！,2
658,你倒是轻松了，其他城市呢？,2
659,今天去医院已经不要24小时核酸了，绿码就行，商场也是，还去吃了堂食，真的爽！希望不要反复，早日摘掉口罩！,0
660,期间和后疫情时代如何处理的问题。在不同防疫阶段，健康码的加码、赋码、转码、减码等问题反映了信息技术工具在疫情防控中的动态应用，也凸显出居民健康信息权的治理难题。,1
661,折腾吧，反正无儿无女的，没啥输不起。,2
662,第一次经历这么近的悲恸，冲击挺大的，自从最近封控放开后，新冠的确带走了好些人的生命。愿疫情早点结束吧，别再增加伤痛了。也愿在这疫情中失去的那些生命，能够在另一个世界不再有苦难。,1
663,一个时代结束了。“孤勇者”走进人群融化成这城市里最普通的烟火气那些鲜为人知的昼夜与黎明也将一并消失…,0
664,开启美好的12月，愿接下来一切顺利。,0
665,专家都把药禁现在给小卫生院搞好了。,1
666,那里能消失。,1
667,何不食肉糜？,2
668,广州放开本地一片叫好，石家庄放开了本地人乱骂市长,1
669,棒棒，现在才多长时间，等过几个月才是真实的，现在代表不了什么。,0
670,让放开的那些负责人，你们做放开的万全准备了吗？现在的什么情况待在家里看热闹的你们知道吗？何止医务系统崩溃，连火葬场系统都是崩溃的，这样的放开你们满意吗？不是120的错，确实不是，那请问应该是谁的错？我们欠，我们该，我们就该得这个病？,2
671,抗疫的财政支出很大，小县城里如果没有矿产资源的话，每次封控所承担的社会资源和医疗资源是非常沉重的，减少人们出门流动可以有效阻断疫情传播，但也会对工商业造成严重的打击，经济活动不活跃了，财政收入肯定会下降。,1
672,干嘛骂广州摆烂？我们只是恢复到海珠集中爆发前的生活而已呀！高风险区依然在封控，出入测温看绿码，恢复堂食，恢复上课，怎么就摆烂了？,0
673,多看一段时间，才能看得更加清楚。,1
674,抗疫压力，不管是什么人，什么团体，什么级别的城市都很大。因为在这场没有硝烟的战场上，每个地方每个人都是战士。疫霾更像幽灵一样无处不在，让每个人每个地方都紧绷心弦，哪个都毫无例外。,1
675,其实哪个城市都有赞成也有反对的，但这个世界不能这么继续人为的停摆下去，所以就到了该把选择权还给人民的时候了，害怕阳的人带好自己一家老小，继续居家隔离，再来个三年五年也没人管你！不怕的人，戴好口罩，做好防护，恢复正常生活，也要有会变成阳性患者的心理准备，就是这么简单！,1
676,希望疫情早点结束吧。,0
677,防疫爱好者们很失望吧。,1
678,人民不怕放开，只怕核酸检测被造假。,1
679,金钱有价，生命无价，给家人一份关爱，给老人一份保障,1
680,优化防控措施，树立抗疫自信。,0
681,解封后每天的数据反倒是越来越多了，这是什么情况？,2
682,明天打算上班去了，抗原家里只有几个，从有症状到今天11天了，应该转阴了吧？最近阳了很多，发现宝妈群里又是那一堆人，宣传给孩子吃了什么中成药，什么小柴胡颗粒，什么小儿复方啥啥啥大猛药，什么止咳的流鼻涕的甚至消炎的。我以前看到尽量科普，现在真的有心无力，爱咋吃吧，以前不知道循证的时候，自己也是那么吃，反正咱小时候也都这么吃过来了不是？科普只渡有缘人。,1
683,毒株站队了，你是哪种？,1
684,要不感冒乱跑也入刑啦。妨碍传染病防治罪啊。,2
685,这是个好现象！希望继续保持下去！如果一个月后还是这样！那说明广州给我们开了个好头！,0
686,我中国人的血性，如今什么都觉得国外的好的人，你真是祖国的耻辱，尤其觉得西医比中医强的，你就是中国的耻辱。,2
687,是张珊珊公司的没卖完货,2
688,受影响，现在看电视剧剧里的人回了家，不洗手直接拿水杯喝水或者直接坐下吃饭，我真的会难受，回家先换衣服洗手啊。,1
689,三年的防疫经验，结果是无数的老人死去，救命物品疯狂抬价，药品买不到，医疗挤兑，各式各样的黄牛，偷盗快递药品。,2
690,我真的要恶心死了。,2
691,没一个冬天不可逾越，没一个春天不会来临。老妈新冠住院，听着医生口中的脑炎，白肺，各种基础病，真瑟瑟发抖.....祝愿正在住院的老妈能够平安渡过这个寒冷的冬天！感谢朋友千里迢迢给我们送来急用药品，一方有难，八方支援也看到很多网友也在求药，一定不能病急乱投医，听从专业人员的意见，有备无患总比临时抱佛脚好！,0
692,咳嗽就好好躺着多喝热水、吃药，晒太阳养老生活模式开启咯。,1
693,郑州政府是最没有公信力的政府。,2
694,官字两个口，不知道哪张嘴说的是真的，哪张嘴说的是假的。要能靠的住，猪都能爬上树。,2
695,非要负重前行那也拦不住呀。,2
696,对不起，让很多人失望了！广州已经放开一个星期了，一切都还在可控范围。当然，时间还不长，如果过半个月还是这样，大家就不必要担心了。只要做好应做的防护，就可以安安心心的过日子。,0
697,真的结束了吗？可是我妈妈刚刚因为后遗症走了。,2
698,如果实在是劝不住，那就别拦着，让那部分人自己去跳火坑，等它们被火烧痛了自己会爬出来的，全国14亿人口基数，总有不见棺材不落泪的。,2
699,呵呵呵呵呵呵呵。,2
700,疫情当下，不说要便宜点，也不能随便涨价吧，太黑心了。,2
701,唯一想知道的点是核酸阳性是自我居家隔离还是要求地点隔离？,1
702,广州没有躺平的！第一天小朋友们的学校已经开始统计还没打疫苗小朋友的人，准备设定疫苗专场了。先生的公司也通知了，办公室上班都人员也要做好个人防护，要求戴口罩上班。其他的特殊工种，也有自己都要求。当然自己的健康自己得要负责。家里有老人的，目前老人家就先尽量不要出门。,1
703,愿逝去的人安息，愿活着的人平安，愿明天更美好，希望在新的一年里面我们都能更坚强。,0
704,大家记得打疫苗，至少也要每半年打一次。如果你没打第三针那赶紧去打，打了第三针如果超过半年再去打。顺便还可以打流感疫苗，出门戴口罩，回家第一件事就要洗手，外套放好不要带进卧室。还有一个很重要的就是经常清洁一下手机。,1
705,自己转阴后第12天，老妈阳后第六天，虽然今天尚未转阴，但一切向好！,0
706,赵克强今天大年初五了全国各大景区依然人山人海没听到哪个地方又发生疫情传染嗨！你说怪不怪？,1
707,病号也只能这样给自己跨年了，希望来年健康护体，保持开心与热爱。,0
708,凭什么动不动停课，谁给的权力？,2
709,今日，离春节越近却越不知所措。因为乡下有亲戚关系的老人先后得病逝了！按本地风俗大年必去上门祭拜！时间怎么安排？,1
710,一个朋友微信发过来的，关于他孩子在上个月北方四线城市疫情爆发期间考研的经历：“孩子们真不容易，我儿子阳了发着高烧39.3℃考了两天，整整9天才转阴，考场上全是阳的，零下八度还开着窗户，没有暖气，冻的全身哆嗦，浑身疼，回来连鞋都脱不下来了，能坚持不弃考真的完全是精神支撑，现在都不知道考题怎么答的，今天一晚上都在回忆，想估分，都不记得了，天天做梦考试，到现在身体还没恢复。”,2
711,每次做核酸像开盲盒一样……医务人员先轮流来一遍再说。,2
712,怼天怼地的键盘侠啊！疫情过去了不好吗？很多人都付出过了，也出现了很多不足，但是，也越来越有经验、越来越好了！,0
713,快把我同事放出来一个人上班很无聊。,1
714,这就是绝望的画面吧。,2
715,三甲医院都在优先诊治重症患者，不紧急的普通手术患者只有稍稍延后安排手术。过了腊八盼来年，又是四季的山河无恙。一切都会好起来的，大家喜乐安康。,0
716,今日，离春节越近却越不知所措。因为乡下有亲戚关系的老人先后得病逝了！按本地风俗大年必去上门祭拜！时间怎么安排？,1
717,新浪微博你没事儿吧，这么多社会问题，疫情问题你不报，整个破明星天天在热度第一。,2
718,这些股在九安大帝面前连屁都不算，微博上这些财经媒体，有一个算一个，和杂种没啥区别。,2
719,跑步Day34抢救回来后频繁我觉得解决办法只有控制好跑步功率预防过度刺激心脏暴毙跑好多天没起效但我觉得只能跑步解决因为之前西医中医共治二十来天感觉没特效于是坚持跑跑到22号开始起效了全天没有异常心率了,1
720,接下来，阳性数会出现爬坡迹象，缓慢放开已经定居，一直要到医院崩为止，所以现在是压力传导到医院的阶段。,2
721,外地酸民和防疫爱好者们别嫉妒广州了，我们放开可不是躺平，精准防控的优越性你们不懂。,1
722,郑州明天终于解封了，希望这次最后一次封控了！想想解封第一件准备干嘛！,0
723,疫苗接种自费，核酸检测自费，居家伙食自费，隔离点自费，重症医疗自费，还是什么自费，压力就不大了。120求救后不派车，指导线上急救上网课，非专业人士都能当医生，压力更不大了。,2
724,最近一直心脏疼，呼吸不畅，还乏力，担心属于阳康后心肌炎，赶紧到医院查了下，万幸的是一切都正常，虽然跑了个寂寞，但心里安心了许多接下来遵医嘱好好早睡早起，迎接新年。,1
725,什么时候能打下核酸盒的价格啊自测核酸已经是大势所趋那怎么还卖的这么贵七八块一份啊,1
726,这个新冠带走多少老人，隔壁邻居有两个老人走了，从早上到晚上现在还在仪式，太大声了，放的歌都压不住。,2
727,能不能说点实话。,2
728,疫情刚好三年咯。,1
729,疯狂的人们都沉默了，但沉默的背后又有几人在悲伤呢？保持对生命的敬畏，一个人的生命也是生命。不要理所当然，不要当做大海里的一滴水那样无所谓与事不关己的漠视。人类在进步，但牺牲者需要被记住。仅仅记住就好，因为除了这些，你也做不了其它。,2
730,专家说戴口罩可以预防新冠病毒，然后口罩脱销，专家说连花清瘟可以治疗新冠病毒，然后连花清瘟脱销，专家说运动可以增加免疫力，预防新冠病毒，你们就跟聋了一样。,2
731,疫情下的小县城，早上8点多钟，解放路就开始塞车了，在路上的人像背负着某种使命，方向一致前进，虽然戴着口罩，也能感觉到表情严肃，菜市场人头涌涌，像极了年晚趁墟，大伙都在买买买，大袋小袋提着。,1
732,为什么到现在还有人去戴口罩，真的有用？去年放开后第一时间，一直戴着口罩，结果还不是中招了，一个星期康复，也不严重，就跟感冒一样。到现在没戴过口罩，在深圳华强北人这么密集的地方，也啥事没有，自由的空气真好。,0
733,难道不是脱下口罩才算回归日常吗？现在只能说回归常态化，我可不想自费做核酸穷的一拉一拉的。,2
734,我说爸爸时隔一个月终于要回家住了，怎么给他搞个欢迎仪式？麦子说：仪式感就是我拿个酒精喷壶，在门口对着爸爸一顿喷！,0
735,新冠病毒回国了。,1
736,阳后20天，不再咳嗽，嗅觉味觉还是有点缺陷，有些味道闻不见，吃东西吃不出来食物独有的味道，但也不影响我吃。,1
737,由于冠状病毒奥密克戎最新亚型变异株XBB.1.5的传播迅速，世界卫生组织主张各国考虑规定乘客在长途航班上戴口罩,1
738,上个月才和我二奶奶打电话，说年后带我的宝宝去看她。都约好了的，没想到就是永别了。12月中旬打的电话，12月27号她就去世了。一直都是看热搜不断有老人去世，没想到一下子就发生在自己身边了。也不知道我奶奶有没有得新冠。大过年的对老人好点吧！,2
739,堂食的第一餐，别提有多香！,0
740,压力大那也没办法呀，老百姓的压力更大老百姓更加的苦。所以压力再大都要保证老百姓的基本的生活条件，还有就医条件，不要除了防疫其他的都不管不顾。,1
741,百分之九十五以上的都阳了。,2
742,不要再贩卖焦虑了，我们不怕。,0
743,面对疫情，很多人叫苦。有的人不赞成做核酸，有的人不赞成。管控，有的人不赞成。静默，很有些人也不支持，也有人是支持的。反正关于疫情的，就是不赞成，就是要反对，这样的人大有人在。而且都不在少数。,1
744,为了老人孩子，付出代价是值得的，就得严防死守封着。但防疫封城爱好者们有没有想过，把养活老人孩子的劳动力们也一并封得动弹不得，有多少家庭手停口停、艰难生计，老人孩子能好得了吗？还是你们给出钱啊？新冠不一定死人，但没钱真能冻死饿死病死。,1
745,谁家好好小姑娘长带状疱疹啊！不是中老年才得吗，哭死了,2
746,没完没了的疫情成为了一部分人发财的商机！,2
747,国内现在疫情刚刚放开，疫情也才刚刚开始，后面还有好几波呢！2023.1.3后会再有一波！春节后还会再有一波！因为病毒载体不一样，阳了的还会再阳！到那时，那些阳了的人还是前一波阳过的人，因为他们还是会不好好防范！那些没阳的人还是没有阳，因为他们始终都会加强防范！所以，能不阳就尽量不要阳！我们一起加油！,0
748,不要轻易相信自媒体言论，每个人情况不一样，不可能症状一致、治疗方法一致。,1
749,都是些什么污七八糟的，丢人，丢俺河南人嘞脸。,2
750,小阴人，不得不放弃去柳州吃螺蛳粉的计划，哇地一声哭出来，哭死了我的螺蛳粉，我不甘心，让我哭一会，我对病毒的怨念那么大早点睡就不伤心了,2
751,"周一有症状，现在周五了天天核酸天天阴，我真的如果不是抗原我到现在还以为是感冒！所以大家阳了在家，我阳了低烧两天还在加班我的跨年和元旦快乐假期也没了,原来我就是大冤种。",2
752,恭喜广州市民（防疫爱好者除外）！,0
753,是不是可以期待一下自由的风吹进东北了。,0
754,12月13号阳，烧了四天，刀了三天，咳到现在。转阴之后并没有很快就好起来，咳嗽，心慌气短，胸口针刺样疼痛，没精神，乏力，注意力不集中还是有。失眠倒是没太觉得，因为我原本就爱熬夜。病症严重的几天和流感差不多，虽然一烧起来骨头疼眼球疼比流感厉害一些。但这一个月以来的状态告诉我这玩意不是感冒，对人体造成的伤害还是挺大的，大家能阴还是保持住吧。,1
755,路上至少80%的人没戴口罩了，但是很担心第二波，所以出门还是会戴。,1
756,看春晚，发现疫情被神奇消失了，仿佛从来没有发生过，这一年最大的事情，没人谈起，没有回顾，没有反思。,2
757,让人说话天塌不下来,2
758,三年了，是时候改变了！,1
759,郑州你怎么这么好看。,0
760,封控区的人平时不做饭，只能用热得快和水桶煮面吃。,1
761,诅咒所有参加过“白纸运动”的人这辈子惶惶不可终日！他们自己和亲人必有疾病折磨一生！青年丧父母，中年丧妻夫，晚年丧子！,2
762,去年的一次管长今天是2023年1月27日正月初六，本月跑步不足100，而且还吃力恍惚间，除了口罩，疫情一夜之间从我们的生活中消失了，说好的第二波第三波估计也没有了，三年的疫情，等于一个初中，等于一个高中，等于一个初入职场最黄金的的三年，三年，对个人来说等于一甲子，这三年改变了太多，珍爱生活珍爱自己爱的人吧,1
763,终究是医护扛下了所有，每天都在阳群穿梭，大家都拖着病体去上班，累到不想说话，希望每一份无惧都被感动，每一份付出都被铭记。,1
764,有症状就休息，停课干嘛？如果感冒发烧了，也停课？又要谁发财了。,2
765,高风险区依然在封控，希望年前各地都能恢复到疫情前的模样，恢复经济恢复生机!,1
766,每天的头等大事就是做核酸，做完核酸去买早餐。,1
767,大学生刚从广州润回山东，被转运了一天一夜，今天下午才到隔离酒店，问就是非常想润回广州过年以后我就是精神广州人了。,1
768,那确实好啊，但是这才过几天，四十天后等着呢，没事再说,1
769,那还不是因为瞎搞。搞来搞去，老百姓压力最大怨声载道了.....又扯这个蛋了......恶心他妈给恶心开门。,2
770,我感觉我又行了，还有希望,0
771,家里的人全部阳过了，好在都打了三针疫苗，症状只和感冒咳嗽差不多，我只吃了半盒的清热散结中药胶囊，感觉新冠没啥威力。,1
772,我们这个小县城已经静默了9天了，压力真的大。,2
773,美国的新株病毒XBB，已经出现，形势严峻，不容乐观。政府呼吁国民积极参与疫苗接种措施，阳性反应患者与无症状者需要在自家进行7日和5日的隔离。,1
774,当地抗疫压力有多大，老百姓生活就有多难！,2
775,进入恐怖酷刑状态……逼着自己吃吃吃想问问有额头不太热腋下39度的姐妹吗这种时候该不该吃退烧药呢？整个人发冷又酸痛。,1
776,只不过中途浪了一下，新冠真的好离谱。,1
777,新冠除了发烧，咳嗽才是最要命的。十几天了，还在咳咳咳，啥时候才能好。同事去医院看，医生就让他抽血、照CT。我可不想去，这段时间一直煮冰糖雪梨，川贝南北杏桔梗陈皮煮苹果，花椒蒸雪梨。希望早日康复！,0
778,这新冠病情真是一天一个样，一天天真有节目，白天时就偶尔咳。一到睡觉的时候这病毒可能想起来一天没作我了，晚上必须得作作你！“来吧！咳嗽吧！一宿别睡啦！”给我气的半袖半夜也么不睡了！就咳！我看能咳成什么程度！,1
779,在我四刷球2的这几天时间里，我们组多了5份要办的新冠死亡讨论。疫情从来没有消失，所谓的恢复正常也永远不会到来。没有防疫，最终就没有一切。PS：我当然是休息时间出来看的电影，医院永远有医生值班。,1
780,新冠不可怕，可怕的是上级给你带来的不公平和压榨，使医护人员身心疲惫的，心寒的始作俑者到底是谁！,2
781,郑州：“绝不辜负全体市民的期望”。,0
782,失去味觉的不知道多少天，吃什么都没味，对一个吃货而言也太悲惨了。,2
783,无知者无畏,2
784,个人打算如果轻微感染，症状只是发热干咳，我不一定去挤发热门诊！海外亲戚经验两天退热，六天抗原转阴。时间成本少一些,1
785,保定，过峰了！,0
786,可能是近期准备要开始实施自费做核酸了，热搜开始铺垫各种压力大。,1
787,外宣工作一塌糊涂！,2
788,有些小县城，一直防疫压力大的，比如边境小县城。有些小县城，以前一直没有疫情的，现在也有疫情了，苦于没钱没人，平时常态防疫体系建设就捉襟见肘，一抗疫，光核酸就没什么钱，别说其他方面了。没钱是一方面，而抗疫的各项经验又基本空白，所以亚历山大。,1
789,当新冠遇上圣诞昨晚晨晨把圣诞袜放到门口，等着圣诞老人来送礼物，满怀期待的睡了觉。今早发现她的圣诞袜里多了一个橙子，一个沙琪玛。也依然很高兴。今晚告诉我，还想吃去年吃的那个糖，自己又默默的把圣诞袜放到了门口。我告诉她圣诞老人就送一次礼物，他太忙，没法送两次。可晨晨依然相信圣诞老人还会给她送礼物。,1
790,后，彻底自由!无官方公告信息!处于彻底失控状态!百姓处于俩眼一抹黑状态盲目乐观，盲目悲观影响最终胜利（不论残多少，死多少，病毒终会被时间淘汰）望各省、市、直辖市、自治区、县、镇、村机构，新年新气象，快速振作起来。充分利用原有方法，实时统计公告各级医院，社区服务中心，卫生院，私人诊所，以及家庭自检数据!尤其是死亡数据统计分析!为最终胜利，做好准备!各级专家做好反思，反省!勿再卖锅，判锅!倍叛人民终会挫骨扬灰。,2
791,都是国家对疫情把控的恰到好处，感谢有国有家！,0
792,也没官宣新冠病毒消失了呀,1
793,今天去新小区，连续走了几层楼，好几家有门磁。动态清零压力山大，还好不是一刀切。,1
794,不想发言，就看看。,1
795,喜提2天，在这边挂水碰见个小哥哥吐槽，过年7天，来医院5天。新冠引起的肺炎，验血不合格3天，已经3次不合格了，现在挂水的第7天，手都青了，没地方扎针了……让护士自己挑地方吧。,2
796,黄冈商场没二十四小时核酸进不了门，买菜的都是老人多，导致商场冷冷清清的。,1
797,既然要道歉就真诚一点。谈的是如何落实解除封控，谈的如何解决不再一刀切。结果还要拉个所谓先进典型出来宣传。这是你该宣传的时候吗？那么多人因为不科学不精准的防疫生活受影响？你要拉个人出来告诉大家我们郑州说的其实还是又不错的地方的。这是属于和全体被封控受损失的人抬杠。,2
798,全国开放，国家保护我们三年，往后日子，自己保护好自己。,1
799,深圳什么时候才能只看绿码，我真的好羡慕广州！,0
800,今天的上海发布轨迹都是好开心的地点，酒吧网咖餐厅样样有。这才是愉快的国庆假期啊。,0
801,保定小市民前来报告：目前家里哥哥姐姐父母全都阳过了，截止到今天全都痊愈。我个人出行，坚持口罩，带好消毒措施做好，不聚集。我个人并没有阳。目前周围的朋友基本上都阳过了，并且痊愈。保定这个城市将会成为全国第一个彻底解放，彻底击败病毒的城市。没有医疗挤兑，没有重症死亡。,0
802,一次次的配合换来了什么？明明看到的丑陋的一面，还要去配合自己不愿意做的事，意义何在？当所有的事情现在我们对立面的时候，为什么不能选择自救，力量是大家具起来了的，团结一致才能有希望。这样的日子什么时候是个头，医院没有人看病学校不再教育育人房贷车贷所有的所有都在暂停，任何一个都能压垮人。看不到未来生活没了希望像一个待宰的羔羊任人摆布，一年两年三年十年！什么时候是个头？什么时候能恢复正常，难道要一直这样，那活着的意义何在，希望何在。,2
803,挺多阳性居家隔离的，自然不会大幅增加。话题下阴阳怪气的人想证明什么？,1
804,前段时间有媒体报道了，原因说了很多，但重点只有一个，小县城财政收入本来就无法支撑大规模的核酸检测，更何况现在动不动就静默封控，导致社会经济进一步萧条。之前还是全国医保承担，现在哪来的钱为全民核酸检测买单。,2
805,此次疫情暴发突然来势凶猛情况复杂，接下来的剧本如下，最后一波就叫欧米伽，Ω是希腊字母中的第24个，也是最后一个。可以代指“终结”。欧米伽、字面上的意思是“大O”（omega），以便与字母“奥米克戎”（omicron，小O）区别。对，之前这一波传染性爆棚的毒株就叫“奥米克戎”，它只是小o。,1
806,受疫情影响，今年的樱花季都没有去看。在樱花满开之前，就被封闭了如今解封了却依旧危机四伏希望疫情早日结束。,1
807,一切回归正常，可是真的能正常吗？,2
808,身边没啥感觉了，但是还在戴口罩，以前只有空气不好时才戴。,1
809,如果你们进来我微博了，我知道你们也看不到我想要说的话！面对疫情，我真的有话要说！家人们，面对疫情，我们已经没有退路可言！总之，保护好自己就是对祖国的热爱！保护好自己就是对祖国的贡献！,1
810,自从阳康，真的虚了很多，苦涩。,2
811,疫情与病毒，又对欧美国家开始新一轮侵蚀，这轮侵蚀规模和严重性，将大大超出任何以往国家地区和人数。尽管有些人打了疫苗，但对于新型冠状病毒来说，毫不在乎防范和还手之力，足以摧枯拉朽之势，让人类再次面临严峻挑战和生死考验。其实，防范这种“特殊病毒”根本没有什么时间性，只能看其每一个的命运罢了。不过，博大精深的中医，仍然是各种变异新冠的坚定克星。,0
812,压力相当大，就以广安来说，本来国庆节要去广安参加婚礼做伴郎，但因为疫情取消了。为什么取消，因为不能办酒席，毕竟考虑疫情问题。之前广安有疫情的时候，就听说非常紧张。或者不说小县城了，你就北上广，谁压力小……唉。,2
813,希望国家关注下口罩吧，口罩是很有效的防护措施，现在出门，路上很多人都不管不顾的不戴口罩，或者不好好戴口罩，作为一直阴着的，抗战经验就是有效防护很有用，口罩手套通风，尤其是N95，怎么就不当回事呢，希望国家宣传要求一下，保护下人民安全。,1
814,我们严重低估的情况是谁造成的？之前牛哄哄的专家为何那么乐观？如今的惨痛的现实能证明之前错了吗？究竟谁该对此负责？难道不该追究吗？,2
815,用数据说话，给群众一个交代，这样就不会引起大家的恐慌了！,1
816,严格管控的时候，每天不断新增病例，全面放开了，每天新增一千多，医院也没有拥挤，但新冠常备药可以全国缺货，互联网电商没有地域优越，那广州复课开学了吗？,1
817,我们是回归日常，并不是放开和躺平。,1
818,历时八天，终于转阴。就剩下咳嗽、鼻塞和完全的嗅觉失灵。才发现薄荷的清凉感是靠鼻子感知的，自从嗅觉失灵，洗发水都不凉了。刚开始朵朵阳了的时候，家里的状态有点像过年，老公也不加班了，孩子们也不出门了，一家人窝在家里，两个娃又闹又笑。但当大人倒下，尤其是一起倒，一切就开始乱套。我以前最讨厌熬这个字，但这八天，真是一天天熬过来的，各种朋友群里也看到好多人没熬过这个冬天，悲伤。,2
819,点进来话题发现内容很奇怪，并没有看到想要的微博内容与话题。常态化管理的区域竟然被封在家里整整十天了，全程静默，买药看病打车都是问题，这是我今年经历的最大的笑话。再一次变成了四年前的愤青状态。,2
820,感染过程中的身体数据变化估计很多我们的粉丝都已经阳康了吧，或者有些还在痛苦的，正在生病的过程中。今天邹指导就来简单说说，他在阳的过程中身体数据的一些变化，不是一个特别科学的分析，只是一些观察，或许可以给一些常年运动的小伙伴们一些参考，在生病前身体给出了什么样的信号。,1
821,未来谈起新冠疫情，疫情第一年会成为一段佳话，从第二年开始会成为一段笑话。呵呵，切。,2
822,玛德，小区两天都不组织做核酸了，怎么连续七天阴性？还要不要解封？,2
823,算是彻底放开了，老家十八线小县城已经停止常态化核酸了，公共场所也不查核酸了，场所码都不用扫。希望2023年能够脱掉口罩，一切恢复如初！,0
824,最近有些浑身不得劲儿～不知道还会不会有其他症状～,1
825,被感染科摇过来支援了……冠哥，真是缘分啊……别人都不管了，又把我推到一线。我的认知还是，做好防护，重症阳性面前也安全。不做防护，家里蹲也危险。不过这次应该能解开一些治疗上迷惑了，也算好事。,1
826,哇哦！明年我或许可以回家吃吃喝喝了？,0
827,今早好友的朋友圈，已经是老爸仙逝了，我心里一丢丢的难过，或许感同身受吧，想起自己的老妈，万一……同时感恩老妈住进了医院。大疫三年，全世界每一个角落都无法幸免。敬畏大自然，仰望神的眷顾，尊重地球，热爱和平，渺小的人类才可以泰然地生存得更久远。,2
828,恭喜广州！这里人们毕竟更加开放，此次回归应该不会跟石家庄那样被部分小民思想的村民阻挠。一个国家其实也是一个大的家庭，有老人要养老就医，有孩童要抚养教育，有家庭设施要维护更新，有房贷要还，有人情事故份子钱，也有围墙要铸牢去防止外敌虎视，面对巨大开销只有生产劳动创收才能解决问题！,0
829,说到底，没有任何人有安全感。巨头们担心社会回归正常，他们不安全了，没钱赚了；普通人缺少资源，担心大难临头只能自求多福，担心完完全全被抛给达尔文。公共政策失灵，就只会留下一个毫无安全感、人心惶惶、自私自利、大发国难财的社达社会。2023年，我们会好吗？,2
830,怎么了，提都不能提了？小朋友学校水痘甲流多了都停课，还不能让人提醒一下注意防护了？,2
831,国家保护人民三年。2022年冬天，每个人用炽热的身体与病毒进行着最后的抗争，以世所罕见的感染速度与病毒进行着赛跑。这是最后的战斗，每个人都公平地站在起跑线上，但并不是所有人都能到达温暖的终点。马上进入2023了，好好告个别吧。这糟糕的2022，终于走了，再也不见，再也不想回忆。希望2023年，这个人间能够得到善待！,0
832,好久不见大白，甚是想念。,1
833,到现在等于还是一无所知，整天“可能”、“大概”，这么几年还是一点应对方法都没有。,2
834,虽然放开了，但是有一个必须承认的事实是：在2019年12月-2021年12月期间，中国几乎是没有躺派声音的，因为所有人都知道全世界正在发生什么。我们战疫胜利之后换来的两年平稳时光和欢乐场景，和纽约的万人坑景象形成了鲜明的对比。那时候的胜利，依靠的是天量的财政投入、无数公立医院的千里驰援。,1
835,是太阳风暴杀死的新冠病毒。,1
836,难忘的岁月，难忘的一年！希望忘却的一年.......,1
837,本来我们的疫情在20年就结束了，为什么现在成了这样？本质还不是因为其他国家抗疫不给力啊。一直在倒灌我们疫情。,2
838,我的中国三年疫情，但是还没有结束。阳性7天后坚持吃药，才能自己治愈，啊哈。从阳转阴超过14还是咳嗽，一会打把王者荣耀，病毒不可怕。我见过的病，阳性果然是发烧头疼、全身酸痛、刀片嗓、没有力气。转阴后就好了。关系到全球疫情，希望和平共处。,1
839,止步四强，新冠感染不会放弃任何人，包括我。但是幸运的是，我就阳了两天，低烧一天一夜，头贴着朋友给的清凉贴。,0
840,做好个人防护。,1
841,这几天热搜关于疫情的立场，都拉出来，可以打好几次仗。,1
842,北大教授姚某某是多蠢，才能说出给全国发放一万亿元消费券的建议？这种专家学者不识人间烟火有34年了吧？问题一，一万亿元那么多，教授全家愿意出多少？问题二，万一国家真的那么做了，物价特别是房价暴涨，人民币贬值严重，教授可以负多少责？我一个二本文科生都能想通的问题，北大教授不懂吗？,2
843,一线城市率先力行开放，静待二、三线城市政策跟上，让我能从呆了一个多月的二线城市单位回趟三线城市的家。,1
844,爽爆了，早餐，中餐，下午茶，晚餐，夜宵都要堂食，一天不吃够五餐怎么对得起封控一个月的海珠人。,0
845,张珊珊说过年没钱了，继续搞点钱花，反正也没人敢处理我。,2
846,有感于一句话：越穷的地方防疫越严格，因为他们没事干，只有折腾人才能显示出权力。,2
847,如果还没有打加强针，也还没有经历过感染的人群，要尽快把疫苗打起来。非药物的干预措施，戴口罩、勤洗手、少聚会，还得坚持。春节返乡途中，要尽量佩戴N95。有条件的地方，尽量将抗病毒药物准备好。关于这一轮疫情的重症高峰，原来大家都认为，到春节前后能见到拐点。但现在因为有着综合的干预措施，很可能比感染过峰再延后20天，1个月，到2月初可能会见拐点。,1
848,从2022.12.17，2023.1.16，厉时一个月血压心跳逐渐平稳。期间心跳一直100多，怕得心肌炎，终于休息过来了。,1
849,广州，回到日常，庆祝！,0
850,2023就这样来了，这几年过的真快，快的我都没时间记录身边发生的人与事。今天在医院看到这一幕，我必须记录。我去接水，在病房的走廊上看到一对母女，只听女儿说，我每天白天上班，晚上到医院陪床，这几年疫情影响的很多人失业，我们两口子几个月没发工资，很难。母亲在那里抹眼泪，接完水返回时听见母亲卑微的说：你就帮帮我们吧，再到走廊时，女儿站在走廊床边表情沉重，凝视着远方。人，必将老去。我，正在老去。谁老了都可伶？,2
851,全国陆续放开了，现在防护只能靠自己了，提高自身免疫力，有备无患。,1
852,还有哪些人和我一样，阳康后快一个月了，静躺静坐休息都心跳强有力，心率都比平时高都在80以上，动一下身就90多了，这个还是静躺时候，按平时都是60多站起来就上100多，不能正常走路，又累又喘，除了有点轻度肺炎，检查心肌主要的肌钙蛋白没问题，请问这到底是什么病？,1
853,我国疫情放开第一波冲击，我看就这样糊里糊涂过去了。面对突然的放开，没有人有心理准备。很多家庭没有备药，很多地方诊疗场所不足。在这个时候，体现了中国人民的伟大，他们非常自律，每个人都是医生，开展了全民自救自我治疗的抗疫模式，并成功战胜了疫情。当然，广大医疗战线工作者日以继夜，带病坚持，可歌可泣，向他们致敬！,0
854,爸爸是胆囊炎，然后伴随疑似新冠，又是恶心吃不下饭，胆囊部位疼痛，挂了2天盐水不见好，然后申请了住院。所幸的是，住院炎症消下来，也有胃口了。真是逃过一劫。妈妈前面新冠，基本好了，还有点咳嗽，给她寄了头孢，吃上了，希望快一点好起来。老头老太总是最令人担心的。,2
855,希望再以刷不到关于疫情的视频，恢复正常的生活。,0
856,广州不论是改革开放还是新政策的落地，都是先行者，羡慕！,0
857,嘿嘿，反正我过得很快乐，外卖点起来，出门走走，注意保护自己啦～双倍快乐～,0
858,在哪里活着都一样，没钱压力最大！,1
859,今天最后一天输液。输得是心脏药丹虹，结果老护士给我扎鼓了，然后慌了，还好门诊老板兼主治医生临危不乱给我拔了针又换了另一只手，大夫让我会去用土豆片敷，感觉还可以，问题不大，虽然还是肿点。,0
860,专家学者用科学结论为国家提供决策参考。俗话说，他山之石可以攻玉。对于疫情防控方面的这种批评，我们一些专家还是需要认真反思的。国家给了你们待遇和位置，你们是应该静下心来认真做实实在在的研究工作，而不是到处抛头露面和大放厥词。因为那些专家的研究成果会影响政府决策措施和老百姓抗疫的态度方法。,2
861,报告广大人民群众，保定市目前没有出现医疗挤兑。保定市民心情稳定。没有任何恐慌，各行各业都在稳步进行。准备过年,1
862,自从近期新冠疫情大范围传播以来，我隔壁邻居再也不从早到晚，无时无刻地念诵“阿弥陀佛”了，这个世界清净多了。,0
863,虽然我还没有阳过，但身边所有人都阳一个遍然后正常上班逛街去了，我想坚持到决赛圈。,1
864,这新冠病情真是一天一个样，一天天真有节目，白天时就偶尔咳，一到睡觉的时候，这病毒可能想起来一天没作我了，晚上必须得作作你！“来吧！咳嗽吧！一宿别睡啦！”给我气得半夜也不睡了！就咳！我看能咳成什么程度！,2
865,听说最近大家又在疯狂屯蒙脱石散等止泻药。我觉得，这大可不必，过早使用收涩涩肠药，并不利于疾病恢复。这是推荐一个土方子吧，具体是：干香椿（如无，可用椿皮）15克，生姜30克，食盐2克。沸水冲泡15分钟即可服用。记得小时候胃肠炎腹泻呕吐，家里老人就搞这个来喝，喝上就好了，这绝对是扛把子，大家可以准备点。,1
866,看得出来，疫情过去了，有些人又变成了原来的样子还记得我刚阳的时候，发烧39°多，还上着班，是不想休息吗，我爸妈还说休息吧，工资不要了（是工资原因吗，是因为大部分同事都阳了，如果都不来上班，就没有人上班了呀，谁不想休息啊）。,1
867,奶奶被新冠带走了。,2
868,从爱丁堡上传的数据看，各路变异已然登堂入室。有关单位说的“共循环”是否是山雨欲来风满楼？满世界滑天下之大稽的少见之少见的如此速度传染，如此规模传染，现在是如此种类的传染！我一直认为的“快速达峰”是伪命题，是纸上谈兵，是休克疗法！最后一定是赔了夫人又折兵！毫不夸张的说，晴洲大地存在大面积的投机主义！,2
869,同志们本人12.18阳的到现在持续低烧37.3（耳温枪度数）去查了ct肺部小结节去验血显示良好没来姨妈一个半月请问有无姐妹和男同志和我一样的情况你们打算如何做退烧处理工作的？,1
870,急急急老人83岁，身体高瘦、无基础病、十年前做过肠癌手术已康复。新冠入院15天，白肺由30%变70%、持续低烧、意识清醒、无食欲、咳嗽频繁、痰不多。鼻导管吸氧后血氧度85，呼吸机吸氧血氧度97，凌晨出现室颤。应该怎么办？求助！,2
871,我这今天开始三天三检，凭阴性进入。,1
872,说到了重点，关了一个月了，屁用没管，天天新增人数需要用大巴车往走拉！,2
873,高帽就不用戴了！中国的老百姓是最好的公民！中国人是最伟大的！,0
874,全面开放的第一天，深夜就接到电话，邻居阳性了我好惆怅。并不感动，也不敢动。,2
875,俺们那边这个冬季农村最赚钱的职业，做棺材卖棺材的，吹鼓手（白事戏班子），开挠的（挖掘机）。,1
876,北京给还没阳的群众发了有趣的东西——还在试验中的中和抗体鼻喷剂。理论上行得通，但是恐怕只能在短时间内有效，也许适用于爆发性传播期间的老年人保护。,1
877,病毒在地球几百万年了，希望永远保持平衡，可是人祸更可怕。,2
878,相信风雨终会过去，彩虹终究到来，新冠病毒终将会被打败，但愿所有人一起安好、一切顺利、身体健康。,0
879,广州领导这是要进入快车道了吧反正你说啥是啥？,2
880,全面解封的第一天！前晚还在传“封城”大批人逃走，今天的我竟然能堂食喝咖啡，突如其来的幸福还有点恍惚!,0
881,不是不提而是提出来又有什么意义呢现在都已经乙类乙管了新冠已经不算是什么大病毒了要是放在一年前发这种新闻是提醒大家现在疫情仍处于高发期大家要注意个人防护但是现在我觉得这种新闻可能只是想继续引起恐慌让某些人继续在新冠上发财[汗],2
882,终于回归正常了，没有了天天的核酸。,0
883,人员密集的地方口罩真的不要摘！尤其是学校这一类！亲测前后桌三个人两个摘了口罩的阳了本人一直没摘口罩目前还是阴性！,1
884,咳嗽一直一直不好。今天又去拿药，医生给我开的一堆药里有个橘红痰咳颗粒。冲服后喝了一口，真难喝。我怀念银黄颗粒。酸酸甜甜真好喝，趁热喝下去真舒服。,2
885,每日一看，郑州啥时候能通快递？,1
886,疫情上因为前两年防得太成功，奥密克戎来临后没有及时改变路线。经济上，因为前20年房地产炒作太成功，现在内需不振提不上来。一个国家成功的地方正是它失败的地方。,2
887,已被洗劫五波了!只是劳民伤财吗？现在只想两三波就过去吗？拜登亲儿子也不行呀!不信你问问它是不是拜登亲儿子。,2
888,我儿子昨天还发烧了，老师说检测抗原再来上学，我还惊讶好久。,1
889,我每天自觉去做核酸检测，要对自己和他人负责。,0
890,你说的最好是吧，最好医院没事，建议专门定点医院治疗。,1
891,“小县城的安稳让人羡慕，大城市的霓虹让人踌躇。小县城的街道很窄、办事很慢，闲话很多，但天空很蓝，生活很安逸。”“虽然小县城这里很小，但喜欢小城市慢节奏的生活，喝喝小酒，聊聊人生，迷茫又安稳。平凡无奇的小城里藏着最惬意的生活，也藏着最踏实的幸福。”,0
892,路边的抗原不要捡！一个朋友在路上捡到一个阳性抗原，随后就“阳”了。,1
893,微博大批防疫、核酸相关利益者发言，希望引导舆论回到封控时代。医疗挤兑没有发生多好的事，咋有些人阴阳怪气，好像他妈要爆炸了一样。,2
894,疫情测出了阴性阳性，也测出了人性。1床在抢救，3床家属在那狂喊怎么还不给她们打针，影响我们治疗时间。无奈抽空准备给她打针，这个时候来了个6床，马上准备吸氧吸痰。3床家属又炸了，疯狂骂人，6床家属肯切哀求，3床家属还是不依不饶。我的天，你只是头晕，人家是没命了。为什么会有这么自私的人。,2
895,我不知道该说什么，在我决定转发的时候，又多了两条回答，我连其中十分之一都没读完，也没勇气读下去了，那些之前凭子虚乌有狂吃人血馒头，却在千万倍事实面前装聋作哑的畜牲。,2
896,广州放开了，重庆放开了，石家庄放开了，不知道放开后的结局是什么？希望将来不要后悔：我们本来可以清零的，但最终我们放弃了！,2
897,在亲自围观了两个超级的城市均出现“一开始大家都劝居家隔离，阳了一栋楼以后纷纷要求转运”的情况之后，我陷入了沉思。看来人类和人性这玩意儿真的是靠不住的。之前大家都一直被保护的太好啦！很多人甚至失去了对危险的警惕感。,2
898,好耶！好耶！防疫爱好者自己把自己关起来吧！本姑奶奶要去堂食咯！,0
899,我到商场试了，不看时效只看绿码了，有些人就酸吧，我只想说很快乐！,0
900,一切都会好起来的！,0
901,专家说春节是高峰期。,1
902,这事就不要再提起了，我都忘记了，过去的就过去吧！,1
903,北方的我表示已经被疫情折磨得受不了了，争取扛过这一波。,2
904,反复阳也太可怕了！,2
905,今天佛山很多地方已经撤离了核酸点，但是出入场合需要绿码！而且可以堂食了！,0
906,我觉得身边很多人已经二次感染了，有间歇咳嗽，喉咙不舒服，症状比第一次轻，可能有心跳加快，距离阳康不到一个月。,1
907,你们都讨论阳没阳过，考虑到小朋友吗？大人阳了很难受，何况小朋友。,2
908,有些防疫爱好者是不是忘了，今年常态化核酸的政策出来之前这几年都是不用每天做核酸的，是没有这么多核酸亭的，是只有出省坐高铁等才需要做核酸的。说的所谓放开也仅仅只是恢复到年初的防疫政策而已。真做核酸做上瘾了吧！,1
909,大家还是要警惕，特别提醒年纪大的人，阳康后尽量避免干重活累活。不少人在阳康10多天后，做CT都肺里都会有一些白点，也就是有感染。虽然说，大部分人都能够完全康复，甚至感染时候症状也不算严重；但是比例再低，在我们这么大的人口基数下，都不少了。谁都不想自己活着亲朋好友成为了那个代价！,1
910,专家说新冠后遗症可忽略，我怎么觉得挺历害呢？打开电视电脑映入眼帘的多是些幼稚欠脑力的东西？真叫人不忍直视？！新冠把人们的智商搞不球坏了？,2
911,这到底是什么阴间热搜啊？,2
912,看这个词条里面的仿佛还在19年新冠刚爆发的时候…笑死，2022年了，都快2023年了，还在这里怕！,1
913,新冠病毒，新冠瘟疫不愧是阴滋病，号称小艾滋。-实际上也的确含有艾滋病毒的基因片断。,1
914,希望彻底结束，恢复不用戴口罩的正常生活。,0
915,这两天发烧的人不少啊，怎么回事呢？是吗？一有不舒服，请赶紧吃退烧药。氨酚黄那敏颗粒，泰诺，都不错哦！睡上几天，就痊愈了！退！退！退！,0
916,这种新闻就别来了，让好不容易恢复正常的老百姓过几天安稳日子，好好挣钱吧！正常防护！,1
917,刚经历了一场为时2个月的疫情，真心体会到了小城市抗疫的巨大压力。小县城抗疫压力大，一是因为没有经验；二是没有专业的人才。无论是治疗，还是流调溯源，都有点业余。,2
918,正在阳。,1
919,大家都知道它没有消失，只是生活相对正常了，但是还是要做好防护，保护好自己。,1
920,不是，新冠真不是一般的病毒。今天想趁着病程第五天身体状态终于开始有些好转时，写写期末作业。结果，一向以总结类文字见长的我，花了好几个小时的时间，也才码了五六百字而已，而且，就这几百字，就已经把我给累到不行，咳嗽等症状也上来了。太难以想象了。为了保命，只好暂时停止了写作业。2022放开季的这个年末，确实是太难了。,2
921,怎么没有挤兑让你们很失望啦？各种牛鬼蛇神都出来让好人去医院看看，咱就是说不发烧不咳嗽活蹦乱跳为什么去医院给医护添麻烦？就算发烧咳嗽难道第一反应是去医院？而且本身严重的还是继续严重，讨论这些有何意义？,2
922,广州回归日常，生活和工作秩序逐渐恢复，但疫情仍存有很大的不确定性，广州能恢复往日的华彩吗？,1
923,我想出去旅游！我想去广州吃吃喝喝想去长隆玩玩乐乐！,0
924,十多天没回家了，小县城的疫情什么时候能过去？,2
925,新冠30天春节不出门，一直在康养。咳嗽止住了，肌肉关节疼减轻了，还会有失眠。保暖，不外出活动，就剩吃吃喝喝了，体重又上新台阶了。放开的这两个月，少了运动和阅读，身心都有些虚。没有再立FLAG，想念依旧。好消息是妹妹快回来了，近4年没回国了，这三年时间都去哪儿了？有些断片儿了……,1
926,国外好几波是真的，以后感染几次也很正常，平常心，享受当下就好。,0
927,开个脑洞，假如把中国分成两半，一半住着希望彻底放开的人，一半住着希望封控的人，两边限制流通，大家各自为自己的选择买单，世界会不会少一些戾气和抱怨，多一些健康快乐和自由发展呢？虽然只是理想中，永远不可能实现这样的一国两制，假设有选择的话，你愿意去哪一边呢？,1
928,想找个自费核酸点，但是电话都打不通的！从广州健康通等等政府公开的平台找的电话，有些没人接，有些一直显示忙，有些是明明通了又马上变成“滴”的声音，然后再打过去就是用户忙。真是不知道在搞些什么，不想接居民电话麻烦直接讲声。,2
929,我想知道，有没有和我一样，阳的第三天上午右面上下牙梗肿了，睡一觉后左面上下牙梗也肿了。这是新冠症状吗？,1
930,三千七百公里的空运，飞的时候我们刚阳，到的时候我们已经都转阴了,1
931,你搞不懂，又不代表它已经消失了！,2
932,三年防控一朝放开，不小心打了个急弯?体会过新冠的传染性多强，轻症多难受，以及真实的重症和病亡率后，我琢磨着，如果必须放开，是不能搞试点城市的。因为那样的话，全国老百姓都不会同意放开了。所以必须打急弯。,1
933,预言成真，3，6个月我们都要得一次新冠。老人一定要打疫苗，儿童得了无所谓，得后遗症的人几乎是没有这就是一次感冒！恐惧新冠比得新冠可怕100倍。,1
934,太乐观可不好啊，第二波很可能要来了，做好个人防护总没错。,1
935,大家都在迎接着过年我却在找回阳康以前自己的那个状态，咳嗽乏力胸痛整个人状态太不好了，抓紧找回来过个好年。,2
936,专家说的疫情会有第二波第三波高峰期，我看是他们想象的,1
937,羊自腊月初六至腊月廿四，已有十九日。康否，否，咳嗽常伴吾身，然无它碍矣。又临春节，于是昨日晨起至晚10时止换洗擦拭沐浴烹饪，晚间偶感不适未在意，凌晨症状加重如针锥刺骨，疼痛难忍，幸之体温未升，药之得以入眠。在此劝告伙伴多休少做勿劳，年下有个好身体为重。,1
938,昨天又是一夜无眠，咳嗽得太厉害，感觉喉咙被一直堵着。已经两周了，咳嗽还没有好转，于是到医院来看看。呼吸内科全都预约满了，于是曲线救国，挂中医内科，还好人不多，又去做CT。急诊的CT一个小时出结果，门诊的要第二天下午。和医生说了自己老想着喉咙不舒服，心里过于焦虑，于是让医生开了点抗焦虑的药。,1
939,春节见人山人海，热闹非凡……甚至有的朋友连口罩都忘了戴。这原来谈虎色变的“新冠”，已经不在话下。看来欢愉的心情能击败这疫情，你越害怕它它会缠住你不放的，少读专家对疫情的判断，放开没病的心情，会友访客，让“新冠”见鬼去吧！,1
940,就目前的情况下，自己对自己的健康负责，会在家做好评估，不得已不去发热门诊。,1
941,这会儿太阳出来了，阳光普照，朗朗乾坤，丝毫没有被病毒搅得不得安宁世界的样子。与鹅大帝比起来，新冠显然更胜一臭，人类欲除之而后快。,0
942,以此下结论还为时尚早，究竟是先期防疫过度，现在恢复正常，还是疫情本身就严重，为了所谓的平民愤，而做的无奈之举呢？,1
943,看台湾疫情的蔓延情况，开始蔓延滞后半个月时间，死亡率（重症）才开始上升，整个高峰期和反复持续期长达8个多月。,1
944,三年的疫情是否真的就这样画上一个句号了？并不觉得是此自由有多开心，感谢国家三年的保护，往后只有自己保护自己啦！,2
945,今天刚退烧，我会不会一个激动诱发心肌炎什么的？虽然我的思维可能也有点问题，但也不是没原因的吧，可能是一种叫“累积-爆发”的关系，当然也不完全是（各种原因都有，包括工作吧？），但如果我最近死了，导火索一定是这个的。我爸是派来气我的吗？今晚三更半夜我会突然死在床上吗？心胸是有点不舒服。,2
946,承压坚守，精准诊断，医学影像科工作纪实面临新的形势，岁末年初患者集中就医激增，CT检查作为医生在救治诊疗及临床实践中的“透视眼”，对后续的诊断治疗起到重要作用。天津医科大学总医院医学影像科全面落实“保健康、防重症、降死亡”的目标任务，始终坚持“人民至上，生命至上”，科室全员众志成城，团结一心，执着坚守。,0
947,感染新冠以后，绝大多数人3天退烧，感觉自己恢复了，但其实这个病毒彻底从体内清出，根据个人的体质不同,1
948,昨天不是说有些地区已经开始收钱了嘛，收钱大家又不是不理解，又不是不配合，大家一起齐心协力，共克难关。,0
949,好高兴感觉突然一下病毒就消失了，好久没有听说谁中标了,1
950,原本相安无事的小县城现在封控了！每晚都噩梦家人感染了。,2
951,防控新冠瘟疫的事情关系到政权的稳定，所以国家防控新冠瘟疫的各种宣传应该不假。,1
952,避免看负面信息很久了，起码半年不看了。这几天真的没办法，本来一心在刷剧上，挺开心的。可是事情太大了，让人不可能不看，特别还有关小孩。看着心疼，太压抑了，难受。你把门打开，可以居家隔离，可以听从合理安排，但不要关门好吗，那扇门代表什么，自由和生存的信念，让它开着好吗。我们这里这几次都挺好的，没有再封锁铁网了，精准防控目前来说做得有到位，真的感觉没有那么压抑。不能多夸，点到为止。但看看大环境，看看一些地方，真的太难过了。,2
953,11月5日浙江金华，步阳集团30周年庆，举办400桌四千人宴席，这是否有违密集型防控要求？,2
954,太难了。我恨新冠，现在一直活着它的阴影下，担心自己和身边的人的生命安全，希望有一天，能够彻底和新冠说再见，大家都可以自由放松的呼吸空气就好了。新的一年愿大家都平安！,2
955,一个地方压力是否大，根本上取决于是否按照规则办事，因为如果按规则来，不管难易贵贱，你是有心理预期的，但如果没有规则，靠的是人情、关系，你会发现你迟早会进入到惶恐不安的状态，至于地方大小就没那么重要了，有不讲规则的大都市，也有秩序井然的小社区。,1
956,昨晚亲身经历广州新政，傍晚7:00左右群里说我们这栋楼可能有羊拉起警戒线封控，抗原正在复核中。12:00没到物业说已经转运出去正在消杀。01:30物业说经过政府研判解除封控。,1
957,感谢祖国保护了我们这么多年，我爱我的祖国。,0
958,我看，周边很多人都在带货。因为这个，搅乱了一切。你要珍惜一个不带“连花清瘟”的人，因为带货这个流量大，受众广。还很伟光正，反正也吃不死人。你要珍惜一个不带“乳铁蛋白”的人，因为和提高免疫力有关的货，总是能扯上一点关系，安全边际高。但是实际作用消费者又测试不了。你要珍惜一个三天两头喊你打疫苗的人，因为这样说容易被喷收了厂家钱，容易被喷谋财害命，居心叵测，然而他们仍苦口婆心地劝你打疫苗。嗯，不要对号入座，我希望明年的此时我们还能在评论区相遇。,2
959,这才是正常的报道，拱火的智障真心恶心。,1
960,点是撤了，但是别要求日常场所二十四小时核酸啊！我怎么给你吐出来？,2
961,所以上海你为啥还要48小时核酸呢？,2
962,阳过以后还会“复阳”吗,1
963,萧伯纳说：“世上没有任何政府是值得歌颂的，哪怕它是个好政府！因为政府是纳税人养活的，为纳税人把事情办好本来就应该，还需要歌颂吗？而公民应该做的则是瞪大自己的眼睛，发现并阻止政府的恶行和批评它的不足。真正值得歌颂的是那些历史上和当下，不懈地争取和守护着人的自由、权利和尊严的人们。”,1
964,怎么回了保定第五天还没阳啊，和阳了的人天天呆在一起，我该不会是第五个超级免疫者吧，哈哈哈哈哈哈。,0
965,扯淡的回归日常，医院核酸从9点排到12点都做不完，要么全取消核酸查验，哪门子的回归日常，排半天的队你管叫回归日常？,2
966,千万不要放开，这个病毒传播力强，可以反复感的特性，如果不人为干预和控制，是可以达到灭绝人类的程度。如果按照他的发展规律，再过几年应该是会被稀释的。在奥密克戎阶段就放开不太明智。就我个人体验而言，真的很糟糕，现在宣传“大号感冒”也是减少恐慌。这个带给身心的伤害比“大号感冒”严重很多很多。,2
967,肯定是让鞭炮的火药把病毒杀死了。,1
968,静态不如放开，反正都是民不聊生，真的不懂这样三番五次的静态意义何在，难道新冠在一天，我们就要被折磨一天？这样把人整的要死不活的，其实还不如直接赐人一死！真的该放开了，没得意义的这样！支持放开解除软禁！这样下去真的要活不下去了，精神经济全部被摧残的一塌糊涂！！,2
969,新闻导向终于醒了，太不容易了。但是现在说这话为时尚早，短期内病例增加是必然趋势，三个月内管理部门和医疗机构要严阵以待。从以上媒体引导，依然看到的是缺乏科学素养和逻辑思维，报道只为上、不为实，中国的基础教育、科学教育、法治思想任重道远。,2
970,警方出面都找不到施暴者，请还医务人员公道，真是让这个职业让这个社会寒了心！,2
971,疯狂的人们都沉默了，但沉默的背后又有几人在悲伤呢？保持对生命的敬畏，一个人的生命也是生命。不要理所当然，不要当做大海里的一滴水那样无所谓与事不关己的漠视。人类在进步，但牺牲者需要被记住。仅仅记住就好，因为除了这些，你也做不了其它。,1
972,我咳嗽一个多月了，什么症状都经历过了，估计岁数大的话早就挂了。,2
973,最近接触了一个新冠之后肾衰，以后要长期透析的人。一个服用P药之后肾衰，以后要长期透析的人。一些新冠之后肺功能不行，需要长期使用家用呼吸机的人。人生剩下的时光只能去能透析的医院旁边叫自由吗？人生剩下的时光不能离开呼吸机叫自由吗？,2
974,日常个屁啊，核酸点是取消了，办事机构的核酸要求都没取消，试问有几个人时刻有24小时核酸。,2
975,莫名奇妙冲上热搜后的保定！到底发生了什么？,2
976,真是坑爹啊，一步一步陷入深坑。,2
977,早晨起床后，咽喉红肿，测了下抗原没有复阳，赶紧下楼买了一瓶56度二锅头，用鼻子吸，而后又出去跑了10公里，缓解多了。身处高浓病毒环境下，虽然体内已有抗体和免疫细胞，也不能大意，必须尽可能将病毒歼灭于摇篮中！,1
978,为什么对自己人永远比对外人要狠？,2
979,美国老同学寄的辉瑞已到车后备箱经过这几天的治疗奶奶已经很明显好转没有不好的症状过几天就可以出院了希望每一位中国同胞都可以安稳的度过,1
980,最近没有听说发烧的了，不过同事前几天拉肚子，肚子疼。还是要注意防护。,1
981,这疫情不知道何年何月才能结束呢？,1
982,现在不管是小县城还是大都市，我们活着的压力都大呀。,2
983,这半个月最开始来的是发热畏寒身痛乏力的，后面几天来的是饮食不振昏昏欲睡的，到近期多少咽干咽痛心悸胸闷的，新冠似乎分步骤一般，看完第十版试行方案，还是觉得在叫我用麻黄桂枝，药价是涨了一批又一批，老王在说老刘没远见没多囤药，老刘说还涨价就关诊好了。预见性这个能力，活大半辈子都没能好好掌握，我们真的只是凡人。,1
984,部分人没得核酸，部分人不核酸，部分人自己抗原测，很多去医院的因为某种原因被拒或者医院停诊，所以你说呢？,2
985,民众宁愿相信吃药，也不相信自己的免疫力，可笑，我只能说，这罪，受得活该！,2
986,冰冷的夜，寒冷的雨！我在疫情防控卡口值守！,1
987,我知道小县城抗疫压力有多大，但我不知道大城市抗疫压力有多大。,1
988,内地居民可以前往澳门去接种复必泰mRNA新冠疫苗了，那非澳门居民接种需要准备哪些证件呢？,1
989,广州回归日常才是我想要回到的日常，点赞。,0
990,上一轮后遗症到现在还没好,2
991,人类与微生物icon的关系好特别，疫苗，杀菌剂，抗生素，抗病毒，一步一步的较量。没有一步是容易的，有时看似表面赢了，但又没赢……生命不息，战斗不止。,1
992,希望缩短疫苗接种接种间隔，开放第四针和未来周期性接种，自费总可以吧。,1
993,本防疫厌烦者开心得睡不着。,0
994,昨天中午小区核酸点撤除，只做了一上午核酸据说就有6管异常。停止核酸也就是社会面不再检测出阳性，真的要靠自己的免疫力了，也许过一阵子四处都是阳，却无人知晓，只能慢慢调整好自己的心态。封了20多天，今天打车去越秀上班，车流量并未回归疫情前夕水平，早高峰一路畅通。,1
995,突然发烧，症状跟之前一样，难受。,2
996,下午监考回来，看见领导没精神的躺在沙发上。一问，果然阳了，发烧浑身酸痛。看来都躲不过去了。,2
997,受此影响，可不可以说说我们的生活压力有多大？,2
998,千万不能一刀切！采取“一刀切”的疫情防控可以说是不负责任的！,2
999,好多人后遗症还没好呢。,1
1000,带节奏说疫情很严重的，你真的在广州吗？,1
1001,康复后第一次健身和吃家乡味道一切都在慢慢恢复加油！希望2023能有个好的身体，家人也是共同面对，加油。,0
1002,感觉正常生活正在回归中～,0
1003,哪怕是发烧对我们有基础病的就是一次的伤害，更不可能说会完全康复，只会加重病情……有些人吵着说新冠没有任何伤害性就是感冒……那好吧，我们就活该被牺牲……自己做好防护有用吗？人员密集的办公室除了自己没有一个人戴口罩？先把基础政策做好吧。,1
1004,谁在夸大病毒危害？谁在从中获利？,2
1005,阳后感觉状态更好了，感染了个好毒株，胃口好，睡眠好，精神好，今天献了血，还干了几台手术。,0
1006,其实更应该问：百姓的压力有多大，地方政府的压力有多大。地方政府的口袋有没有空我不知道，百姓的口袋很多已经空了。,2
1007,至于我是不是说大话，大家一试便知，都是我亲自实践过的，我的家人朋友按照我的方案，症状都很轻，能轻到什么程度？看图，方案就在我置顶的第一条微博的图里，大家在家就能做，新冠不过是喝喝热水，泡泡脚，吃点水果的事。,1
1008,有些不能说，只能放在心里，相信大家心里都清楚，所以开放的新冠死亡人数是不准确的。不止是老年人，身边也有30左右的年轻人，大家不要掉以轻心，感染新冠后一个月之内不要做剧烈运动，不要受凉。,1
1009,阳阳第三天我不发烧了，进入到咳嗽的队伍中，我妈开始发烧了，老天保佑，让她发一会烧就退了吧，千万不要咳嗽。,1
1010,"几个月没玩微博，因为今年也是千薪万苦的一年,低声下气的一年,求爷爷告奶奶都没能进步的一年心累的一年，希望新年钱兔无量！",0
1011,三年的疫情，得利者赚到了别人一辈子都赚不到的钱和无工作无收入的百姓形成了对比。,2
1012,非常大，压力非常大，做核酸的人激增，老百姓快扛不住了。还是要改变一下做核酸的政策。,2
1013,坐标河北保定，我就是出去买了一次菜，第二天出去买了一次蛋糕，第三天出去倒垃圾，第四天出门打水，现在正在阳中，我们家老大今天开始嗓子疼，我都不知道怎么感染上的？是不是买的东西携带病毒？,1
1014,广州，始终走在前列。取消全员核酸，取消低风险封控，恢复堂食，各场所逐渐不查核酸。真的很棒，给广州点赞。当核酸沦为赚钱工具时，就已经变味了，没意义的核酸就该停止！看着广州恢复烟火气，这座我曾经待过的城市，逐渐重回生机，真的很好！,0
1015,我觉得这个倡议好。在此倡议大家，疫情期间共同做好如下事项：1.垃圾处理规范起来，居家期间产生的生活垃圾均需暂存居所内，做好消毒消杀，后续由专门人员上门收取后，严格按照医疗垃圾或者涉疫垃圾进行处置。2.两点一线宅起来，倡导您随时科学规范佩戴口罩，做好个人防护，做到不扎堆、不聚集，在社区内有序开展活动。3.防控意识强起来，也呼吁各企事业单位员工非必要不出门，非必要不出小区，非必要不到岗，最大限度减少人员流动、控制人员聚集。4.防疫药品备起来，提示您家中可储备一些缓解普通感冒症状的药物以及中成药（连花清瘟胶囊或颗粒等）。如出现发热等症状，也可适当服用药物。购买抗原试剂盒，必要时进行抗原自测。5.少量物资备起来，为减少快递外卖人员接触，建议大家储备少量的物资，如方便食品、自热火锅，或便于储存的水果蔬菜等。,0
1016,死亡病例已高达59938例，还不赶紧注意一下你的身体死亡病例已高达59938例，还不赶紧注意一下你的身体,2
1017,刚经历了一场为时2个月的疫情，真心体会到了小城市抗疫的巨大压力。在此，从个人角度来谈谈这个问题。小县城抗疫压力大，一是因为没有经验；二是没有专业的人才。无论是治疗，还是流调溯源，都有点业余。更搞笑的是，现在要求商铺安装监控，不然不许营业。,2
1018,病毒在地球消失了，他去火星了,1
1019,刚才坐地铁，车走了有两分钟面前一个咳嗽的，越来越厉害，旁边人都走了，我也就换了一节车厢，站了一会儿一个人接电话说，前天和昨天有点发烧，然后这个座位附近就没有人了。,1
1020,我得晒姨妈啊，新冠后姨妈出家十二天（之前都特准时），今儿终于来了啊，啥感觉，整个人都通透了！,0
1021,在大自然面前，人类还很渺小更非无所不能，天地不仁以万物为刍狗，任何挑战自然规律的行为都会被反噬。家庭才是抵抗灾难的庇护所，互相照顾彼此依靠才是家的意义，比赚钱更重要的是活着。我们没有打败病毒，只是病毒放过了我们。也许它早就放过了人类，只是人类不愿意放过人类。,1
1022,我普通话一乙，下次稿子让我来念我愿为领导分忧。,1
1023,这两天关于疫情的热搜，和核酸检测的热搜…风向好像是在告诉我们，以后全民核酸也要掏钱的意思？？？,2
1024,广州这叫回归正常？广州这叫摆烂。什么是正常，比如像我们宁波，比如像杭州，比如像深圳，这才叫正常。每天感染人数不超过100，进入公共场所需要查72小时或48小时核酸检测报告，可以堂食，公共交通不停，工厂不停，学校不停，民生没有影响，这才是正常。,2
1025,理一下，说起来就是两夜、一天，算是轻症吧：12.28.傍晚，体温37.6°c，下肢有些微酸涨。晚八点多时，下肢有明显热感。12.29.天亮前体温接近39度，上午九时许，体温38.4°c，服泰诺林一粒。至晚上九时，几次测温均在37度多点。略感身上酸痛，脑子有些浑浊，无其他不适。食欲、胃口正常。抽烟味觉正常。,1
1026,一方有难八方支援，又一车菜出发了，菜不要钱工人不要钱，村子的人们一听见给捐菜了，都自发的来帮忙砍菜！,0
1027,身边没阳过的同学这两天又开始陆续阳，但是我觉得不会比2022更差了，我真的觉得一切都在好起来。,0
1028,让子弹飞一会，等两周后再来看看。,1
1029,口罩厂家倒霉了,1
1030,阳康了，但从昨晚起突然后背酸痛，呼吸都疼，影响呼吸了，嗓子里一直觉得有痰，一直咳嗽,2
1031,"因为疫情关系期中考试推迟了一个月,我感觉压力很大（最近又要封城）。",2
1032,郑州被赋红码路宿街头的薛先生写了情况说明和承诺书，核酸做了7天都是阴性，因为红码给人带来多大生活困扰和不便，我就奇怪郑州领导干部为什么就体会不到呢？乱赋红码毛病为什么改不了？郑州是这也会那也会就会乱赋红码和踢皮球不作为推卸责任吗？,2
1033,作为药品这样特殊的行业，不能无差别售卖，不能按需购药，着实让我咋舌。我现在很气自己当时为什么要听药房的人放屁，就应该直接挂电话。,2
1034,口罩自然不敢摘，生活恢复正常了。,1
1035,广州能不能取消场所码，像以前一样，真的别学深圳了，越学越魔怔，先取消地铁场所码吧！,2
1036,衣食无忧的贵公子，向衣衫褴褛的难民讲述自己三天不能食龙虾鲍鱼的痛苦。健步如飞的人，向伤病卧床不能自理的人，诉说自己指尖划破了皮，生活不便的痛苦。就问大家感动不感动？,2
1037,多家核酸检测企业应收账款超净利润，看到这张图，我麻了，我真的麻了，真不知道该说啥了。,2
1038,奥密克戎你牛波一，给姐烧到四十一特别前三天我的床单就没干过，不烧了之后隔不到两小时就又开始，每天你都在反复发烧的焦虑和潮湿的床单中过活而且根本没胃口吃东西，吃也只想吃挂面汤，那几天顿顿挂面汤头发油到直接定型，跟抹了发型喷雾似的到现在身上也没劲，拉屎都使不上力。,1
1039,下午排队两个多小时做自费核酸的广州胖友，核酸结果出来了。和免费核酸一样，也是第三方检测机构做的，度娘了下，是家上市公司。在社区免费核酸，和去医院自费核酸，检测机构其实都是一样的。,1
1040,核酸点都停了，医院也不做核酸了，哪来的病例呀！我同事发烧自测阳性不上报社区，自己居家隔离，公司既不通报也不上报，办公环境也不消毒，还要求大家正常上班。公司在CBD，同一栋楼里还有领事馆，就是这么牛。,2
1041,开心！,0
1042,普通老百姓都知道去年夏天就该放开，我们12月才被迫放开，有什么可吹的，这不是马后炮，去年夏天太多人就呼吁放开了。,2
1043,张医生，我比你更急。我朋友的姥爷，快80了，本身有严重肺基础疾病，每天要吸10个小时氧的那种，感染了新冠后，按照我说的，多喝热水，果汁，泡泡脚，就这么轻轻松松快要过去了，用痰测的T值都很浅，从胃口不好，到今天开始有胃口，区区5天而已。新冠也就喝喝水，泡泡脚的事，被你们整那么复杂，我比你更急。大佬们，看我一眼吧。求求了，可以挽救很多老人。,1
1044,怎么说呢，何不食肉糜吧。当疫情被封在家你在担心生存问题时，有人在为没有为女儿过上18岁生日的深深自责，我相信刘主任作为一个母亲真的很自责，毕竟她不会担心下个月发不出工资，这就是人与人的悲喜并不相同。,2
1045,服了，20，21年最严重的时候也没说出门要看各种几小时内核酸码，也没天天核酸，只看绿码或者测体温，也没有说动不动就把人关个七天半个月的，那时候过年我出省回老家也从没说异地隔离，前两年还能放假出省各种玩，对于我来说现在放开和前两年没区别，那些怕的人怎么的你20、21年没经历过?,2
1046,这是可以上热搜的吗快撤了吧影响不好。,2
1047,个人的一点想法，没别的意思，别锁起来………,1
1048,确实需要关注偏远地区和基层人民的抗疫保障，全国一盘棋，一个不能少。,1
1049,郑州疫情趋稳向好，正处于拔点清面攻坚期和关键期。,1
1050,都有死的了，别不当回事！,2
1051,只能说都挺难的，武汉也一样，满勤的核酸，整个十月就这么过去了。,2
1052,你没区别了，不代表别人没有经受苦难，现在连提醒都不行了，精致利己没良心的人。,2
1053,唉！疫情当前大家都不容易呀！老百姓更不容易。,2
1054,不确定性、“黑天鹅”，是最令人头疼的。新冠疫情发展、俄乌冲突发展，在当下依然具有严重的不确定性，可能浮现“黑天鹅”，引发一系列连锁反应。新冠疫情发展、俄乌冲突发展，难以准确预测，给人心态上的阴霾着实挥之不去。,2
1055,目前的政策是非常合理的。首先技术上办不到，其次财政上不支持。所以没什么好说啦。气溶胶这些东西都是无用功，除非你挖地洞，否则还是得出门的啊。,0
1056,我不知道小县城疫情压力有多大，我只知道我好像适应了疫情的生活，每天看到全国各地疫情的数据，真的，我无比讨厌这疫情。,2
1057,放开没啥，就是又开始塞车了，我也好想堂食，等开门中。,1
1058,对房地产市场，避而不谈，视而不见对股市市场，用脚操作，用脚回应对防疫抗疫，勿需组织，自我担当对专家进言，置若罔闻，方有人生世上从来没有什么救世主觉悟和醒悟告诉生命自信自强是永恒不变的真理。毕竟，生命只有一次不要轻易、随意被谗言所惑、所蒙蔽任何时候，最解压、解气的有效途径除了自己，就是父母和温暖的白开水。,1
1059,"广州是试验田。成，是疫情过后的武汉，败，是疫情开始的武汉。现在身边人不是囤药就是离开广州，前几天我不做核酸给我附黄码，刚才发现自动改为绿码，可笑！""",2
1060,母亲去世后的第一个春节，总是觉得母亲还在老家等着我回去，总想要给母亲打电话，总是觉得要准备母亲喜欢吃的食物每次回家都跟妈妈一起聊天吃饭，说着自己的生活，说真的，也会知道母亲会离开我们，但没有想到这么突然，疫情害死了多少人没跟我说上一句话去年过年的时候她老人家还那么好，能唱能跳，历历在目人真是太假了，一口气上不来就没了，哎。,2
1061,每晚供灯礼佛，灾厄远离，小人退去，疫情结束！,1
1062,放开之后能挺住了，广州就是一个了不起的城市，没有之一,1
1063,第三天，昨晚睡觉前吃了布洛芬，出了一宿汗，烧退了，嗓子发干，痰多。没什么食欲。浑身疼痛，尤其肩颈，腿肚子部位。闹肚子，但不是特别严重。今天已经比第一天轻快很多。,1
1064,如果我现在没阳，我真的就信了，悲伤。,2
1065,希望大家都可以平安健康快乐!,0
1066,每个人都是自己健康的第一责任人，一个新冠时代过去了，全剧终，感谢国家保护了自己三年！致敬所有的最美逆行者们！愿今后平安康健，岁月静好。,0
1067,已经过去了，感觉消失了。,0
1068,既然优化调整疫情防控措施已是大势所趋，逐步放开已成为必然，那就坦然接受吧:个人防护不放松，当好自己健康的第一责任人；心理上不焦虑，相信政府、专家对奥密克戎及疫情形势的综合研判，相信科学，更要相信自己！,0
1069,坚持抵制封控日子,1
1070,在国内最爱的城市就是广州，果然没有辜负期待，又羡慕又开心又汹涌澎湃又想流泪。广州挺住！暗夜之光！,0
1071,睡不着写了一个阳过13天的亲身经历、希望能帮助到那些还没阳的人，愿我们都能早日渡过这段难熬的日子…,0
1072,结婚四个月了，我俩在一起连着没住过超7天，后来又因为疫情，封校封村，我阳他阳，好家伙，今天可算找到点我俩是结婚了的感觉了。,1
1073,官府大小姐生日宴当天哪来的一帮刁民在大门吵闹。,2
1074,把我楼下的铁皮拆了，我天天出门要绕一大圈，傻嗨！,0
1075,终于露馅了！美国在研究病毒新变种，他们不断制造病毒，靠疫苗敛财，天天贼喊捉贼，无耻至极。三年了，他们不想停下来。该死的新冠病毒，什么时候才能消失！,2
1076,结束了吗？只有我觉得这两年是最美好而开心的吧最爱这两年的我们幸福快乐我们的宝贝一岁了。,0
1077,如果你们阳了，你们公司还要你吗？房东还会让你们住在出租房吗？房东也是有老人小孩的，万一你阳了，不要怪房东把你赶走。,2
1078,搞笑，你掏了几个钱。,1
1079,都说白沟那边的病毒毒性强，我不信邪，前天见客户去了一趟，结果晚上回来就觉得嗓子发紧，鼻塞还不停打喷嚏，测了个抗原两道杠，半夜开始发烧，昨天一天烧得欲生欲死，脑袋像是被电钻钻了，嗓子像被砂纸反复摩擦，眼珠子都疼。,1
1080,疫情已经消失，恢复正常生活了。,0
1081,郑州可真是让人失望的城市，本来是打算在这里就业的，但现在一看，这个城市真的留不住人。,2
1082,还是不敢出门不戴口罩，感觉摘下口罩吃饭都会莫名其妙被别桌感染发烧。我可不想动不动就发烧两三天，难受死了！谁制造的病毒还我美好生活！,2
1083,后遗症太难受了，不想吃饭觉也睡不好。,2
1084,国家尽力了，该自我负责了。需要清楚这个全人类都被深刻影响的传染病，往好了说致死率底，像小感冒，只需居家隔离。往大了说，这个传染性极强，人类社会国家组织无法控制，医疗资源难以应对。不管是中外还是官方民间各种说法，起码新冠疫情是个客观严重事件，不应该想当然以为所以然。,1
1085,后遗症折磨我，身体大不如前，难受。,2
1086,回归正常就好，不然被封的好苦，没办法好好生活，加油！,0
1087,回归你个屁啊！,2
1088,还肺炎呢，跟肺还有关系吗？,1
1089,xbb.1.5都查出7例了，外防防了个寂寞！悲哀！,2
1090,为什么我们买不到退烧药？今天看朋友圈，有人发卖布洛芬和孩子用的退烧药。,2
1091,小县城的抗疫压力大，容易搞一刀切和层层加码，这都是正常的，可以理解，但，小县城里生活的人们的压力不大吗？动不动一刀切，动不动全域静默，动不动每天都在做核酸监测，人们的工作和生活哪方面不面临着压力？现在有消息称多数核酸检测企业净利增长翻倍。,2
1092,是不是所有创造不出来经济价值的人都该死啊？所以我们只能眼睁睁看着一个又一个有基础病的老人因为新冠去世，一个又一个需要透析但是去不了医院的人耽误了病情离世，不是说好了要关爱老弱病残，一切以他们为先吗？那儿童医院门外4000元一瓶的美林又是什么呢？接下来又轮到谁了呢？是春运过后乡下留守的老人吗？还是苦苦买不到药的穷人呢？这是在进行着什么淘汰制度吗？是这些人就不配在疫情下活着吗？这个世界好残忍。,2
1093,"现在的北京,人命最不值钱呀!全北京只有5个医院有ECMO,全都饱和，一天天的。求求了！专家们，你们看看吧！",2
1094,钱花完了，疫情也该结束了吧？自费核酸对有些人来说不算啥，对有些人来说那可是一顿早餐钱，一天的公交车费，孩子的几个作业本钱，一天的电费，一周的水费……做点啥不好，花钱让人家棉签捅喉咙。,2
1095,说明免疫力高了抗体慢慢的建立起来了这是好事呀！,0
1096,身体没有不适，还一直是俩杠，也不敢出门啊！,1
1097,每天看广州疫情，感觉没有太多人讨论发烧，整体稳定，也没有看到买药难的留言，感觉广州整体管理的水平比如药店那些秩序都不错，虽然前段每天新增第一名就是广州。一搜索保定，北京疫情感觉很多人说发烧。所以还是可以继续研究气象，温度，环境，湿度等影响。,1
1098,抗阳中的老爸，令我心如刀割。自我安慰：78岁了，也是到了高龄。新冠疫情，无法阻挡。用尽我所能做到的。你对我的爱，不会中断，我会感受到的，无论你在哪里。你的真诚，聪明，豁达，无所谓，与人和气相处……这些都是宝贵的。,1
1099,第一波感染高峰已过，有谁像我一样没感染过的吗家人，同事朋友全感染了，只有我天选打工人。,1
1100,昨日花了四元做了一次核酸检测，计划今日出去玩，变化成寒风中排一个小时队做一次全员核酸检测！郑州警车开路引入870人让徐州人民天天全员核酸检测，浪费巨量的人力物力！,2
1101,翻译一下：危险！,2
1102,新冠除了发烧，咳嗽才是最要命的。十几天了，还在咳咳咳，啥时候才能好。同事去医院看，医生就让他抽血、照CT。我可不想去，这段时间一直煮冰糖雪梨，川贝南北杏桔梗陈皮煮苹果，花椒蒸雪梨。希望早日康复！,0
1103,班级里十多个高烧的小朋友，也不知道什么原因都没来，不开心。,2
1104,好棒的发布会，醍醐灌顶，看完才知道我是奴籍，天大地大，千金生日最大，已经在给公主磕头了。,2
1105,掩耳盗铃算是被你玩明白了,2
1106,是时候朝着新生活，大踏步前进了！,0
1107,马上出门报复性刮彩票，刮到手累，放开太好了！,0
1108,广州回归日常是暂时的，当然也期望能长期的。回归日常关键是市民要懂得日常防护，在家做好快测再出门，别让来之不易的，回到过去。,1
1109,我后遗症还在，稍微一运动就喘得不行，偶尔还会气闷，吃了一个月的中药了，哭泣。,2
1110,活久了确实啥都能看见。哪怕只是在一年前，那时候照样是疫情中，谁能想到自己有生之年会看到短时间内十几亿中国人一起发烧一起闯关抗瘟疫?翻遍中华上下五千年史书，都找不到比这次规模更大的疫情。,1
1111,核酸证明：昨天以前，要核酸做证明；今天以后，要证明做核酸。,1
1112,去哪都不用扫码，也不用核酸了，爽死!,0
1113,再也不得瑟了，38.7了。,1
1114,回歸日常？先把學校解封了再說吧！什麼時候交通不要48h核酸碼的時候再說吧！,2
1115,难道不是因为广州很多医院门诊不开吗？,2
1116,恭喜！广州敢为天下先,0
1117,啥时候河南也能回归正常生活啊，天天早上7点核酸真的冻的顶不住。,1
1118,不容易啊，在家做做副业吧，临期仓是最佳选择！,1
1119,比病毒更可怕的是有人不希望病毒结束，人心比病毒更可怕，这是条利益链。,2
1120,一定要当心，新冠疫情不是你想的那么简单，再说一次，那些盲目“开放”的城市，用不了多久就会被病毒打的头破血流，并且成为防疫抗疫的罪人！,2
1121,实在忍不住了，把地暖空调打到最高，洗了个头！第一次觉得一头蓬乱的发竟然那么美！比那油腻贴着头皮的样子美一百倍！药还在吃，静等头疼继续发作。,2
1122,买了两盒连花清瘟备着，谁知道阳了之后也没用这玩意。谁如果有困难，很需要连花清瘟。我可以免费给你！,1
1123,封住嘴有什么用啊？,2
1124,阳过的根本不用担心。在美国XBB只是把那些没阳过的阳一遍。以前阳过的人还没听说谁再阳的，当然可能症状太轻，没感觉到。,1
1125,新冠的症状，是心里问题，专家说的。建议老胡去看精神病医生，一方面可以治新冠，一方面可以不挤普通医疗机构资源。,2
1126,能不能快进到全国回归日常？三年了，够久了，荒诞也太多了。都知道不可能回到过去了。可仅仅想重新开始过正常的日子，给自己的一个奔着着确定性去生活的出发点，不过分吧？,2
1127,放假前第一波全阳最近开学了都在复阳了感觉一直就没好过……,2
1128,只要没人放毒，就不会再有病毒。,1
1129,杀我别用亲情刀。今天是爷爷离开的第三天，到现在都感觉像是一场梦，无意看到了奶奶给爷爷的手机充电，爷爷的手机屏保和壁纸都是我。前天给爷爷收拾东西的时候奶奶拿出了一个红包，跟我说这是爷爷给我准备的过年压岁钱，可是他再也没办法给我了希望天堂永远不会有疾病，不会有分离，不会有遗憾。,2
1130,疫情就此结束吧。,0
1131,愈演愈烈，我们骨科病区今天正式开始接收“新冠感染”患者，21年工龄的骨科大夫要开始干内科了！,1
1132,请问政府各位领导打了疫苗为什么还有新冠呢，变异？那我家里的老人家打还是不打呢，打了可不可以保证不会感染新冠病毒喔。,2
1133,熟悉的铺子，亲切的味道，笑容可掬的老板，心心念的驴肉火烧，久违的烟火气，又回来了，平静的生活真好。,0
1134,为了我嗓子，我妈偏方都给我整起来了每天还要一直背书，希望我春节的时候嗓子恢复，继续叭叭叭,1
1135,能不能把快递通了。,2
1136,生活在这个社会最艰难的两点就在于，第一，很多宪法赋予的最基本的权利，需要靠申请或吵闹甚至斗争才能获得；第二，旁边有无数傻子在诅咒你为什么要去争取正当权利。与傻子共存，比与病毒共存难多了，内耗太大了！经常怀疑自己是否在正常的人世间。,2
1137,总结：要降温了，大家做好保暖工作。,1
1138,这个话题，是为核酸收费找理由的吧？,2
